unix,date,symbol,open,high,low,close,Volume BTC,Volume USDT,pct_chagnge
1.6524E+12,44694,BTC/USDT,29020.8,29300,28730.4,29189.7,13070.24,379128558.9,
1.65231E+12,44693,BTC/USDT,29077.9,30257,26631,29020.7,964475.59,27412613955,-0.01
1.65223E+12,44692,BTC/USDT,31002.1,32197.6,27651,29074.7,1101875.97,33432659605,0
1.65214E+12,44691,BTC/USDT,30056,32650,29701.4,31002.1,863178.96,27002792323,0.07
1.65205E+12,44690,BTC/USDT,34032.1,34243.3,30003.6,30056.6,1078779.71,34585085018,-0.03
1.65197E+12,44689,BTC/USDT,35466.7,35504,33665,34032,426872.58,14710577346,0.13
1.65188E+12,44688,BTC/USDT,35995.2,36138,34700,35466.7,200264.83,7130599918,0.04
1.6518E+12,44687,BTC/USDT,36533.7,36679.3,35200,35995.3,431979.24,15553837186,0.01
1.65171E+12,44686,BTC/USDT,39684.1,39845,35388,36534.7,547209,20498697693,0.01
1.65162E+12,44685,BTC/USDT,37713,40071.7,37655.2,39684,424498.82,16546422735,0.09
1.65154E+12,44684,BTC/USDT,38525.5,38674.7,37500.1,37712.9,248986.22,9498898383,-0.05
1.65145E+12,44683,BTC/USDT,38440.2,39222,38032.2,38525.6,336845.37,13024319964,0.02
1.65136E+12,44682,BTC/USDT,37614.4,38680.6,37350,38440.5,236549.46,9004710659,0
1.65128E+12,44681,BTC/USDT,38572.2,38782.6,37550,37614.5,181810.38,6968090176,-0.02
1.65119E+12,44680,BTC/USDT,39732.5,39924.8,38160,38572.2,308116.38,12006054617,0.03
1.6511E+12,44679,BTC/USDT,39209,40376.6,38861.8,39732.5,413543.41,16383567774,0.03
1.65102E+12,44678,BTC/USDT,38093.7,39470,37844.5,39209,385645.37,14987444127,-0.01
1.65093E+12,44677,BTC/USDT,40411,40800,37671.8,38093.7,453132.2,17745663524,-0.03
1.65084E+12,44676,BTC/USDT,39433.4,40650,38111,40411,448877.89,17582505298,0.06
1.65076E+12,44675,BTC/USDT,39413.8,39930.6,38884.1,39433.4,180371.76,7132438712,-0.02
1.65067E+12,44674,BTC/USDT,39674.3,40000,39259,39415.1,125046.82,4956239492,0
1.65059E+12,44673,BTC/USDT,40449.7,40786.1,39133,39674.2,314935.75,12603399106,0.01
1.6505E+12,44672,BTC/USDT,41326,42966,39630,40449.8,393149.96,16394716250,0.02
1.65041E+12,44671,BTC/USDT,41472.9,42166.8,40800,41327.7,257382.43,10680662831,0.02
1.65033E+12,44670,BTC/USDT,40785.7,41788,40543.7,41472.9,214404.27,8812710771,0
1.65024E+12,44669,BTC/USDT,39649.1,41310,38465.7,40785.6,362435.32,14385834913,-0.02
1.65015E+12,44668,BTC/USDT,40360.9,40574.1,39510,39649.1,170331.82,6844928575,-0.03
1.65007E+12,44667,BTC/USDT,40529.6,40700,39944.9,40361,127705.06,5151896755,0.02
1.64998E+12,44666,BTC/USDT,39915.9,40888,39734.2,40529.5,194680.67,7834169294,0
1.64989E+12,44665,BTC/USDT,41129.8,41474.8,39522,39915.9,261966.39,10618983520,-0.02
1.64981E+12,44664,BTC/USDT,40060.7,41580,39569.8,41129.8,324910.93,13171291934,0.03
1.64972E+12,44663,BTC/USDT,39505.6,40700,39224,40060.7,349883.63,13983036683,-0.03
1.64964E+12,44662,BTC/USDT,42140.3,42399.9,39136.7,39505.6,439530.02,17947558295,-0.01
1.64955E+12,44661,BTC/USDT,42727.8,43399.4,41838,42140.4,181904.47,7757900434,0.07
1.64946E+12,44660,BTC/USDT,42229.1,42796.7,42100.3,42727.7,119722.65,5079062857,0.01
1.64938E+12,44659,BTC/USDT,43417.1,43968.1,42074,42229.2,310095.83,13392061160,-0.01
1.64929E+12,44658,BTC/USDT,43159.8,43888,42685,43417.1,229567.98,9962663418,0.03
1.6492E+12,44657,BTC/USDT,45477.5,45494.2,43100,43159.7,384359.38,17045609346,-0.01
1.64912E+12,44656,BTC/USDT,46580.9,47188,45300,45477.4,257524.64,11905271461,0.05
1.64903E+12,44655,BTC/USDT,46392.3,46895.5,45094,46580.9,272796.54,12550005434,0.02
1.64894E+12,44654,BTC/USDT,45792.3,47448,45501,46392.4,212589.01,9869048182,0
1.64886E+12,44653,BTC/USDT,46266.2,47236.8,45600,45794.6,226413.36,10506397609,-0.01
1.64877E+12,44652,BTC/USDT,45505.9,46700,44206.2,46266.2,360734.55,16398107294,0.01
1.64868E+12,44651,BTC/USDT,47053.1,47619.4,45185,45506,299837.61,13933431989,-0.02
1.6486E+12,44650,BTC/USDT,47418.5,47688.6,46535,47053.2,235009.89,11089386781,0.03
1.64851E+12,44649,BTC/USDT,47121.8,48100,46911,47418.5,259040.84,12315667516,0.01
1.64843E+12,44648,BTC/USDT,46820.9,48200,46651.2,47121.9,317565.78,15043239939,-0.01
1.64834E+12,44647,BTC/USDT,44489.3,47047,44416,46820.8,269280.23,12238392164,-0.01
1.64825E+12,44646,BTC/USDT,44290.6,44785,44041,44489.2,140712.59,6243407333,-0.05
1.64817E+12,44645,BTC/USDT,43973.2,45142,43575.1,44290.6,348620.12,15463641455,0
1.64808E+12,44644,BTC/USDT,42867.8,44200,42525,43973.4,331440.06,14365660203,-0.01
1.64799E+12,44643,BTC/USDT,42349.9,43051,41731.3,42867.9,282631.74,11938814869,-0.03
1.64791E+12,44642,BTC/USDT,40982,43517.7,40852,42349.8,374297.67,15892694389,-0.01
1.64782E+12,44641,BTC/USDT,41261,41544.4,40430,40982,308396.46,12653661230,-0.03
1.64773E+12,44640,BTC/USDT,42188.2,42269.3,40900,41261,235774.13,9789547363,0.01
1.64765E+12,44639,BTC/USDT,41751.6,42446.6,41500,42188.2,186459.95,7807076597,0.02
1.64756E+12,44638,BTC/USDT,40898,42322.8,40084.2,41751.5,299134.44,12263436409,-0.01
1.64748E+12,44637,BTC/USDT,41105.9,41498.4,40442.8,40898.1,243988.79,9978203720,-0.02
1.64739E+12,44636,BTC/USDT,39270.9,41804,38700,41105.8,650589.66,26187353348,0.01
1.6473E+12,44635,BTC/USDT,39651.6,39901.8,38073.8,39271,345019.24,13464944694,-0.04
1.64722E+12,44634,BTC/USDT,37743,39989,37522.1,39653.8,360058.36,13971397118,0.01
1.64713E+12,44633,BTC/USDT,38792.7,39300,37500,37743.7,236623.69,9151745127,-0.05
1.64704E+12,44632,BTC/USDT,38713.1,39578.4,38630,38792.6,172494.83,6738409306,0.03
1.64696E+12,44631,BTC/USDT,39407.1,40242,38200.1,38713,467078.89,18251508271,0
1.64687E+12,44630,BTC/USDT,41939.5,42034.3,38512,39407.2,520645.19,20592964930,0.02
1.64678E+12,44629,BTC/USDT,38709.9,42647.5,38638.7,41937.5,462059.81,19171096064,0.06
1.6467E+12,44628,BTC/USDT,37963.7,39340.5,37853,38709.9,421462.37,16295438565,-0.08
1.64661E+12,44627,BTC/USDT,38401.1,39550,37134,37963.8,490254.52,18764725861,-0.02
1.64652E+12,44626,BTC/USDT,39375,39690,38056,38401.1,311705.26,12109833925,0.01
1.64644E+12,44625,BTC/USDT,39127.7,39580,38547.6,39375.1,198747.89,7774650477,0.03
1.64635E+12,44624,BTC/USDT,42449.6,42525.3,38521,39127.7,469138.37,19124060705,-0.01
1.64627E+12,44623,BTC/USDT,43885.8,44080,41831,42449.5,365565.83,15701873991,0.08
1.64618E+12,44622,BTC/USDT,44393.6,45350,43321,43885.7,407603.72,17988671381,0.03
1.64609E+12,44621,BTC/USDT,43155,44935,42765.4,44394.1,448483.65,19622069857,0.01
1.64601E+12,44620,BTC/USDT,37672.1,44341,37414.4,43155,615391.16,24659800737,-0.03
1.64592E+12,44619,BTC/USDT,39099.3,39868.6,36934.6,37672,423197.25,16317550913,-0.13
1.64583E+12,44618,BTC/USDT,39205.4,40441.1,38561.7,39099.3,251892.2,9879223598,0.04
1.64575E+12,44617,BTC/USDT,38316.2,39750,37999.2,39205.4,416316.37,16181393771,0
1.64566E+12,44616,BTC/USDT,37227.9,40376.1,34303.7,38315.1,919820.91,33179251057,-0.02
1.64557E+12,44615,BTC/USDT,38212.1,39250,36963.2,37227.8,408056.26,15594144072,-0.03
1.64549E+12,44614,BTC/USDT,36986.4,38450,36310.1,38212,465313.5,17408326521,0.03
1.6454E+12,44613,BTC/USDT,38367.9,39510,36762,36986.4,646391.82,24685541252,-0.03
1.64532E+12,44612,BTC/USDT,40052.6,40100.1,37905,38368.1,329740.44,12741245043,0.04
1.64523E+12,44611,BTC/USDT,39966.8,40438.7,39610.3,40052.6,185624.68,7424908673,0.04
1.64514E+12,44610,BTC/USDT,40491.8,40944.1,39422,39966.8,377679.78,15188089910,0
1.64506E+12,44609,BTC/USDT,43860.8,44150,40020.1,40491.7,433958.98,18306714686,0.01
1.64497E+12,44608,BTC/USDT,44529.7,44536.8,43277.8,43860.7,255790.29,11231548897,0.08
1.64488E+12,44607,BTC/USDT,42525.14,44777,42406.23,44529.6,276735.42,12150999143,0.02
1.6448E+12,44606,BTC/USDT,42041.12,42888,41526,42525.14,303990.93,12843945742,-0.05
1.64471E+12,44605,BTC/USDT,42199.88,42755.97,41850,42041.13,192068.01,8127109309,-0.01
1.64462E+12,44604,BTC/USDT,42365.99,42980,41540,42199.87,256269.33,10831014104,0
1.64454E+12,44603,BTC/USDT,43471.3,43900,41914.23,42366,414646.19,17859967570,0
1.64445E+12,44602,BTC/USDT,44358.09,45847.5,43136.96,43471.29,563922.08,25056911388,0.03
1.64436E+12,44601,BTC/USDT,44021.58,44826,43089.08,44358.08,300270.06,13182555303,0.02
1.64428E+12,44600,BTC/USDT,43829.99,45600,42641,44021.57,468015.42,20510408716,-0.01
1.64419E+12,44599,BTC/USDT,42361.34,44541.16,41609.76,43829.99,418053.77,18066735189,0
1.64411E+12,44598,BTC/USDT,41374.68,42656.8,41100,42361.35,215323.95,8973046763,-0.03
1.64402E+12,44597,BTC/USDT,41550,41922,40920,41374.69,242184.07,10047968022,-0.02
1.64393E+12,44596,BTC/USDT,37287.33,41741.76,37011,41550,520105.77,20278655698,0
1.64385E+12,44595,BTC/USDT,36892.05,37395,36204.3,37289.86,318656.23,11697089175,-0.1
1.64376E+12,44594,BTC/USDT,38680.51,38834.18,36529.81,36892.03,337570.93,12748099871,-0.01
1.64367E+12,44593,BTC/USDT,38439.04,39260.26,37969,38680.51,353354.12,13632595784,0.05
1.64359E+12,44592,BTC/USDT,37870,38741.73,36620,38439.04,318440.39,11976940218,-0.01
1.6435E+12,44591,BTC/USDT,38150,38420.3,37334.83,37870.01,195029.13,7393111441,-0.01
1.64341E+12,44590,BTC/USDT,37696.22,38750.94,37252,38150.01,238657.76,9034176250,0.01
1.64333E+12,44589,BTC/USDT,37131,38000,36149.02,37696.21,367509.14,13594591900,-0.01
1.64324E+12,44588,BTC/USDT,36787.42,37200,35471.53,37131,422006.92,15328505622,-0.01
1.64316E+12,44587,BTC/USDT,36934.26,38886.58,36232.42,36787.43,554457.38,20858872853,-0.01
1.64307E+12,44586,BTC/USDT,36648.3,37561.03,35693,36934.26,409535.52,14967474933,0
1.64298E+12,44585,BTC/USDT,36230,37528,32853.83,36648.31,823000.7,28523818659,-0.01
1.6429E+12,44584,BTC/USDT,35043.73,36496.92,34588.8,36230.01,369372.9,13097400244,-0.01
1.64281E+12,44583,BTC/USDT,36426.46,36817.74,33950,35043.73,676272.9,23906967843,-0.03
1.64272E+12,44582,BTC/USDT,40662.06,41095.76,35380.92,36425.98,790320.91,30302616544,0.04
1.64264E+12,44581,BTC/USDT,41656.9,43495,40550,40661.69,399818.05,16867468374,0.12
1.64255E+12,44580,BTC/USDT,42337.58,42545,41115.64,41657.89,333952.1,13989826398,0.02
1.64246E+12,44579,BTC/USDT,42176.34,42680,41260,42337.58,267472.47,11189671439,0.02
1.64238E+12,44578,BTC/USDT,43060.66,43159.32,41523.68,42176.34,232748.35,9870740740,0
1.64229E+12,44577,BTC/USDT,43070.51,43464.71,42531.69,43060.66,177450.48,7638792723,0.02
1.6422E+12,44576,BTC/USDT,43042.4,43800,42530.64,43070.51,184649.16,7962625062,0
1.64212E+12,44575,BTC/USDT,42538.72,43450,41666,43042.4,272517.08,11620761639,0
1.64203E+12,44574,BTC/USDT,43880.72,44396.68,42301.16,42534.32,289289.18,12536916956,-0.01
1.64195E+12,44573,BTC/USDT,42700.69,44300,42415,43880.72,281339.29,12189347664,0.03
1.64186E+12,44572,BTC/USDT,41801.55,43118,41255,42700.68,323760.69,13657150778,-0.03
1.64177E+12,44571,BTC/USDT,41851.22,42219.84,39610,41801.55,453644.12,18676770270,-0.02
1.64169E+12,44570,BTC/USDT,41688.05,42773.85,41170,41851.22,223134.95,9347759287,0
1.6416E+12,44569,BTC/USDT,41553.87,42335,40500,41688.05,283737.22,11779922567,0
1.64151E+12,44568,BTC/USDT,43080.01,43135,40456.56,41553.86,473214.85,19783906993,0
1.64143E+12,44567,BTC/USDT,43421.7,43766,42385.83,43080.01,299509.85,12890924258,0.04
1.64134E+12,44566,BTC/USDT,45833.41,47075.29,42270,43421.69,485477.57,21959888821,0.01
1.64125E+12,44565,BTC/USDT,46445.8,47524.36,45445.57,45833.42,292149.75,13573606756,0.06
1.64117E+12,44564,BTC/USDT,47280.01,47575.22,45665.4,46445.81,244781.79,11434725784,0.01
1.64108E+12,44563,BTC/USDT,47704.35,48000,46605.68,47280,184795.09,8730148324,0.02
1.641E+12,44562,BTC/USDT,46210.57,47943.77,46210.55,47704.35,179433.58,8461832662,0.01
1.64091E+12,44561,BTC/USDT,47095.02,48575,45650,46210.56,287186,13567843473,-0.03
1.64082E+12,44560,BTC/USDT,46436.53,47911.68,45880,47095.02,229931.29,10818483278,0.02
1.64074E+12,44559,BTC/USDT,47522.02,48125.97,46000,46436.54,274795.38,13014511681,-0.01
1.64065E+12,44558,BTC/USDT,50707.72,50713.56,47290,47522.03,336083.34,16407080716,0.02
1.64056E+12,44557,BTC/USDT,50765.73,52134,50450,50707.72,216225.26,11061080417,0.07
1.64048E+12,44556,BTC/USDT,50403.64,51300,49350,50765.73,184800.62,9267956168,0
1.64039E+12,44555,BTC/USDT,50809.37,51190,50105,50403.64,147662.44,7493948260,-0.01
1.6403E+12,44554,BTC/USDT,50817.94,51805,50379.25,50808.55,220208.73,11239397651,0.01
1.64022E+12,44553,BTC/USDT,48569.69,51377.74,48020,50817.92,255885.48,12639718706,0
1.64013E+12,44552,BTC/USDT,48875.88,49599,48420.02,48569.69,208463.69,10204294033,-0.04
1.64004E+12,44551,BTC/USDT,46896.82,49298.78,46650,48875.15,260008.36,12591846630,0.01
1.63996E+12,44550,BTC/USDT,46668.65,47533.42,45530.67,46898.14,273804.26,12694248817,-0.04
1.63987E+12,44549,BTC/USDT,46815.99,48461.17,46399.37,46668.63,241698.54,11424734108,0
1.63979E+12,44548,BTC/USDT,46125.33,47336.99,45438.43,46815.99,191006.42,8888783519,0
1.6397E+12,44547,BTC/USDT,47629.1,47988.27,45373.11,46125.33,326458.14,15254949356,-0.01
1.63961E+12,44546,BTC/USDT,48870.48,49439.79,47500,47624.5,215874.19,10475553467,0.03
1.63953E+12,44545,BTC/USDT,48324,49479.75,46518.73,48870.48,345239.89,16608174001,0.03
1.63944E+12,44544,BTC/USDT,46679.93,48657.92,46255.6,48324.04,266213.63,12568719900,-0.01
1.63935E+12,44543,BTC/USDT,50057.02,50180,45600,46679.93,348551.32,16649825352,-0.03
1.63927E+12,44542,BTC/USDT,49379.51,50768,48616.16,50057.01,183434.29,9106252724,0.07
1.63918E+12,44541,BTC/USDT,47132.31,49499.05,46724.35,49381.15,210959.99,10208756470,-0.01
1.63909E+12,44540,BTC/USDT,47539.34,50188.42,46828.23,47136.35,302974.43,14624324088,-0.05
1.63901E+12,44539,BTC/USDT,50459.61,50773.03,47312.89,47539.76,273086.09,13331462596,0.01
1.63892E+12,44538,BTC/USDT,50577.2,51210.6,48533.33,50455.61,238229.88,11927549318,0.06
1.63884E+12,44537,BTC/USDT,50424.72,51929,50012,50577.2,224670.62,11455372239,0
1.63875E+12,44536,BTC/USDT,49373.83,50888,47000,50424.72,357711.03,17416560142,0
1.63866E+12,44535,BTC/USDT,49135.66,49699.49,47755,49376.6,286434.38,14016018237,-0.02
1.63858E+12,44534,BTC/USDT,53611.86,53889.69,40888.89,49135.66,598774.99,28876836072,0
1.63849E+12,44533,BTC/USDT,56513.56,57670,50604,53612,374132.02,20620928587,0.09
1.6384E+12,44532,BTC/USDT,57209.28,57428.49,55800,56513.57,249985.26,14156805566,0.05
1.63832E+12,44531,BTC/USDT,56978.06,59100,56500,57209.29,273959.1,15768296335,0.01
1.63823E+12,44530,BTC/USDT,57827.97,59224.99,55900,56975,337624.15,19388577718,0
1.63814E+12,44529,BTC/USDT,57315.72,58924.21,56715,57827.98,215111.47,12407120858,0.01
1.63806E+12,44528,BTC/USDT,54738.77,57474.76,53245,57315.73,213600.62,11739217937,-0.01
1.63797E+12,44527,BTC/USDT,53755.66,55300,53640.69,54738.77,155119.12,8478100940,-0.04
1.63788E+12,44526,BTC/USDT,58988.36,59186.41,53500,53755.65,378650.92,20945137180,-0.02
1.6378E+12,44525,BTC/USDT,57165.09,59449.62,57029,58988.21,191912.65,11190941838,0.1
1.63771E+12,44524,BTC/USDT,57574.24,57775.27,55900,57165.08,194683.76,11043276127,-0.03
1.63763E+12,44523,BTC/USDT,56268.31,57888,55250,57574.23,267790.33,15216816648,0.01
1.63754E+12,44522,BTC/USDT,58648.87,59624.56,55600,56268.31,326184.88,18717910073,-0.02
1.63745E+12,44521,BTC/USDT,59716.28,60052.82,58518.88,58661.39,143887.27,8509909812,0.04
1.63737E+12,44520,BTC/USDT,58069.52,59873.84,57372,59716.29,173697.34,10188245162,0.02
1.63728E+12,44519,BTC/USDT,56921.04,58333,55604,58069.51,245356.12,14001797580,-0.03
1.63719E+12,44518,BTC/USDT,60366.97,60999,56505.48,56921.05,412021.67,24129304003,-0.02
1.63711E+12,44517,BTC/USDT,60106.03,60848.85,58336.68,60366.96,287388.87,17181720173,0.06
1.63702E+12,44516,BTC/USDT,63654.49,63655.77,58397.14,60106.03,475025.71,28862014876,0
1.63693E+12,44515,BTC/USDT,65568.38,66395.05,63351.58,63654.49,210026.6,13656636971,0.06
1.63685E+12,44514,BTC/USDT,64426.99,65569.99,63640,65568.39,146424.7,9450438558,0.03
1.63676E+12,44513,BTC/USDT,64156.08,65073.24,63430.01,64427,124466.49,7984348166,-0.02
1.63668E+12,44512,BTC/USDT,64831.2,65500,62313,64156.08,264576.33,16915954847,0
1.63659E+12,44511,BTC/USDT,64920.13,65646.98,64147.12,64831.3,178279.28,11575850112,0.01
1.6365E+12,44510,BTC/USDT,67010.65,69198.7,62400.51,64920.13,347835.57,23147498979,0
1.63642E+12,44509,BTC/USDT,67606.96,68675.16,66300,67009.98,231843.83,15654216548,0.03
1.63633E+12,44508,BTC/USDT,63316.4,67932.89,63308.7,67606.96,274932.15,18088392667,0.01
1.63624E+12,44507,BTC/USDT,61511.3,63377.58,61368.26,63316.4,142878.21,8884101796,-0.06
1.63616E+12,44506,BTC/USDT,61006,61645.75,60100,61511.3,154919.12,9432009427,-0.03
1.63607E+12,44505,BTC/USDT,61433.9,62671.48,60762,61006,157569.64,9697454173,-0.01
1.63598E+12,44504,BTC/USDT,62946.45,63149,60703,61431.86,184677.08,11399249536,0.01
1.6359E+12,44503,BTC/USDT,63266.69,63613,60300,62946.45,211190.18,13219637045,0.02
1.63581E+12,44502,BTC/USDT,60942.87,64349.55,60659.58,63266.69,217592.06,13660618220,0.01
1.63572E+12,44501,BTC/USDT,61347.14,62543.58,59400,60942.87,246158.36,15074399515,-0.04
1.63564E+12,44500,BTC/USDT,61895.19,62462.99,60008,61348.61,183599.52,11207623544,0.01
1.63555E+12,44499,BTC/USDT,62308.21,62415.85,60631.23,61895.19,156041.52,9612679323,0.01
1.63547E+12,44498,BTC/USDT,60622.02,63069.71,60222,62308.22,218355.77,13443682101,0.01
1.63538E+12,44497,BTC/USDT,58449.36,62641.26,57550,60622.03,333323.12,20097525760,-0.03
1.63529E+12,44496,BTC/USDT,60358.74,61550,57865,58449.36,329112.4,19537339455,-0.04
1.63521E+12,44495,BTC/USDT,63129.25,63362.06,59838.05,60358.75,252256.92,15638312967,0.03
1.63512E+12,44494,BTC/USDT,60902.82,63795.98,60701,63127.04,234201.1,14692569107,0.05
1.63503E+12,44493,BTC/USDT,61325.09,61550,59504.46,60902.82,245816.82,14885043274,-0.04
1.63495E+12,44492,BTC/USDT,60734.28,61780,59622,61325.11,222553.48,13592218440,0.01
1.63486E+12,44491,BTC/USDT,62260.33,63796.2,60011.9,60734.27,350359.53,21694368337,-0.01
1.63477E+12,44490,BTC/USDT,66064.25,66750,62000,62260.33,478610.46,30800550148,0.03
1.63469E+12,44489,BTC/USDT,64314.75,67150,63518.81,66064.24,324737.87,21256679161,0.06
1.6346E+12,44488,BTC/USDT,62037.92,64500,61300,64316.7,379243.72,23836964138,-0.03
1.63452E+12,44487,BTC/USDT,61571.45,62800,59897.61,62037.92,333278.48,20556521575,-0.04
1.63443E+12,44486,BTC/USDT,60925.56,61796.47,58850,61571.45,240132.51,14569391373,-0.01
1.63434E+12,44485,BTC/USDT,61702.33,62444.23,60220,60925.56,213251.9,13067491173,-0.01
1.63426E+12,44484,BTC/USDT,57377.12,63997.61,56900,61702.33,493366.51,29726367097,0.01
1.63417E+12,44483,BTC/USDT,57393.65,58586.67,56800,57378.19,254719.75,14692446487,-0.07
1.63408E+12,44482,BTC/USDT,56011.83,57822.38,54271.24,57393.65,327714.32,18304667792,0
1.634E+12,44481,BTC/USDT,57500.01,57756.52,53750,56011.84,349147.78,19709191748,-0.02
1.63391E+12,44480,BTC/USDT,54700,57880,54458,57500.01,314868.05,17849826167,0.03
1.63382E+12,44479,BTC/USDT,54960.79,56789,54101,54700,289072.82,15966267342,-0.05
1.63374E+12,44478,BTC/USDT,53974.99,55589,53656.66,54960.77,167495.39,9179243467,0
1.63365E+12,44477,BTC/USDT,53814.99,56208.73,53647.3,53975,255210.04,13956986828,-0.02
1.63356E+12,44476,BTC/USDT,55327.45,55337.8,53374.34,53814.99,262974.55,14289443599,0
1.63348E+12,44475,BTC/USDT,51460.22,56416.02,50410,55321.6,418731.75,22242398945,0.03
1.63339E+12,44474,BTC/USDT,49199.78,51888,49009.21,51455.12,314043.81,15777204364,-0.07
1.63331E+12,44473,BTC/USDT,48187.99,49544.48,46885.29,49198.22,324424.84,15638433547,-0.04
1.63322E+12,44472,BTC/USDT,47626.62,49304.12,47071.26,48187.3,212410.38,10220431022,-0.02
1.63313E+12,44471,BTC/USDT,48123.93,48338.68,47410,47626.61,182565.99,8730132628,-0.01
1.63305E+12,44470,BTC/USDT,43799.49,48450,43260.01,48123.94,449491.77,20816747005,0.01
1.63296E+12,44469,BTC/USDT,41499.7,44100,41387.78,43796.57,389185.65,16818655330,-0.09
1.63287E+12,44468,BTC/USDT,41002.96,42576.8,40708.73,41499.71,293307.59,12246762410,-0.05
1.63279E+12,44467,BTC/USDT,42122.69,42749,40854,41006.32,359745.54,15049002596,-0.01
1.6327E+12,44466,BTC/USDT,43150.01,44350,42059.13,42122.69,285311.61,12386098075,0.03
1.63261E+12,44465,BTC/USDT,42646.84,43940,40725.01,43150,354393.92,15063801544,0.02
1.63253E+12,44464,BTC/USDT,42798.49,42950,41630.26,42651.58,277084.8,11773712809,-0.01
1.63244E+12,44463,BTC/USDT,44828.29,45134.33,40650,42798.49,608595.52,25937929796,0
1.63236E+12,44462,BTC/USDT,43520,44976.48,43056,44828.29,330253.53,14552188971,0.05
1.63227E+12,44461,BTC/USDT,40727.83,43989.98,40551.49,43520,400849.75,17055828173,-0.03
1.63218E+12,44460,BTC/USDT,43026.61,43629.6,39503.58,40726.1,683242,28674205460,-0.06
1.6321E+12,44459,BTC/USDT,47256.92,47345,42467.86,43026.6,600764.63,26601166550,0.06
1.63201E+12,44458,BTC/USDT,48284.61,48364.64,46840,47256.91,212631.93,10122579343,0.1
1.63192E+12,44457,BTC/USDT,47303.11,48850,47044.32,48285.15,207900.41,10031215318,0.02
1.63184E+12,44456,BTC/USDT,47745.55,48150,46750,47303.11,226193.34,10742174763,-0.02
1.63175E+12,44455,BTC/USDT,48106.13,48488,47038.21,47745.55,260044.73,12433719043,0.01
1.63166E+12,44454,BTC/USDT,47087.18,48440.93,46675,48106.12,244226.37,11624351580,0.01
1.63158E+12,44453,BTC/USDT,44975.96,47272.98,44692.9,47087.18,277925.72,12831694974,-0.02
1.63149E+12,44452,BTC/USDT,46048.02,46933.89,43323.93,44975.96,448942.07,20131171676,-0.04
1.6314E+12,44451,BTC/USDT,45194.19,46512.2,44746.51,46046.73,223534.63,10201271596,0.02
1.63132E+12,44450,BTC/USDT,44860.83,45999,44737.4,45193.78,194144.12,8807681962,-0.02
1.63123E+12,44449,BTC/USDT,46413.88,47037.5,44120,44860.83,343533.07,15708080883,-0.01
1.63115E+12,44448,BTC/USDT,46060.02,47400,45500,46413.88,309015.75,14346157049,0.03
1.63106E+12,44447,BTC/USDT,46864.38,47347,44431,46062.29,435803.01,20085515481,-0.01
1.63097E+12,44446,BTC/USDT,52683.98,52950,42088,46864.39,764140.14,37281067593,0.02
1.63089E+12,44445,BTC/USDT,51799.56,52830,51040,52683.97,297734.28,15423250787,0.12
1.6308E+12,44444,BTC/USDT,49942.2,51950,49462.59,51799.57,288984.12,14588935796,-0.02
1.63071E+12,44443,BTC/USDT,50027.09,50582.08,49360,49940.74,274956.84,13759937548,-0.04
1.63063E+12,44442,BTC/USDT,49299.14,51111,48333,50027.08,430326.39,21513177166,0
1.63054E+12,44441,BTC/USDT,48842.93,50420,48631.2,49299.14,361863.06,17997935761,-0.01
1.63045E+12,44440,BTC/USDT,47150.32,49160.79,46550.99,48842.94,350108.37,16740393337,-0.01
1.63037E+12,44439,BTC/USDT,47024.69,48298,46731.03,47150.32,365548.21,17331998427,-0.03
1.63028E+12,44438,BTC/USDT,48795.42,48916.25,46876.49,47024.7,351830.75,16883434689,0
1.6302E+12,44437,BTC/USDT,48931.99,49769.2,47741.31,48795.41,315105.5,15338512478,0.04
1.63011E+12,44436,BTC/USDT,49082.13,49333,48395.65,48931.99,222793.02,10891802523,0
1.63002E+12,44435,BTC/USDT,46854.22,49220,46359.97,49083.98,403667.01,19245054650,0
1.62994E+12,44434,BTC/USDT,48992.65,49380,46280,46853.06,475183.12,22473235583,-0.05
1.62985E+12,44433,BTC/USDT,47719.37,49297.8,47130.57,48992.65,389100.38,18737744220,0.05
1.62976E+12,44432,BTC/USDT,49523.23,49888.88,47600,47719.36,398682,19450210328,-0.03
1.62968E+12,44431,BTC/USDT,49273.28,50600,49075.01,49523.91,355733.5,17745733776,0.04
1.62959E+12,44430,BTC/USDT,48846.11,49556.2,48075.81,49273.28,294672.22,14395479953,-0.01
1.6295E+12,44429,BTC/USDT,49332.99,49833,48250,48848.29,347594.45,17049427213,-0.01
1.62942E+12,44428,BTC/USDT,46772,49500,46650,49332.74,401499.08,19242378733,0.01
1.62933E+12,44427,BTC/USDT,44714.09,47100,43938.38,46772,439402.16,19883402233,-0.05
1.62924E+12,44426,BTC/USDT,44704.85,46050,44227.32,44714.09,395836.16,17865646755,-0.04
1.62916E+12,44425,BTC/USDT,45926.23,47194,44412.01,44704.84,474316.4,21777823959,0
1.62907E+12,44424,BTC/USDT,47006.02,48074.23,45682.03,45926.23,412537.61,19341043031,0.03
1.62899E+12,44423,BTC/USDT,47083.75,47388.75,45480,47006.02,370950.81,17184325859,0.02
1.6289E+12,44422,BTC/USDT,47792.52,48300,46000,47083.74,374368.8,17592436753,0
1.62881E+12,44421,BTC/USDT,44385.09,47980.69,44208.88,47792.52,438025.46,20268188739,0.02
1.62873E+12,44420,BTC/USDT,45522.13,46226.67,43800,44385.09,468276.06,21002449071,-0.07
1.62864E+12,44419,BTC/USDT,45589.99,46754.27,45354,45522.12,390660.57,18016171890,0.03
1.62855E+12,44418,BTC/USDT,46259.7,46800,44670.05,45589.99,460478.86,20993395643,0
1.62847E+12,44417,BTC/USDT,43787.71,46483,42785,46259.7,626220.5,28215980002,0.01
1.62838E+12,44416,BTC/USDT,44601.11,45350,43265,43787.71,553684.7,24546996022,-0.05
1.62829E+12,44415,BTC/USDT,42825.43,44753.01,42395.2,44601.11,583750.89,25434912724,0.02
1.62821E+12,44414,BTC/USDT,40882.39,43400,39849.82,42825.43,653451.15,27084444322,-0.04
1.62812E+12,44413,BTC/USDT,39731.31,41350,37291,40882.4,746249.71,29293280084,-0.05
1.62804E+12,44412,BTC/USDT,38201.33,39975.32,37500,39731.31,479560.47,18566815768,-0.03
1.62795E+12,44411,BTC/USDT,39147.47,39774.93,37600,38203.26,517219.52,19870811472,-0.04
1.62786E+12,44410,BTC/USDT,39846.78,40450,38658,39147.48,451872.13,17868768676,0.02
1.62778E+12,44409,BTC/USDT,41448.1,42614.98,39350.4,39846.78,487529.04,20123271134,0.02
1.62769E+12,44408,BTC/USDT,42202.6,42494,41030.19,41448.11,381521.9,15885174209,0.04
1.6276E+12,44407,BTC/USDT,40012.89,42316.6,38320,42203.25,561474.31,22382077431,0.02
1.62752E+12,44406,BTC/USDT,40003.08,40665,39203.83,40012.9,463917.87,18494873370,-0.05
1.62743E+12,44405,BTC/USDT,39448.06,40894,38753,40003.08,736196.23,29337785847,0
1.62734E+12,44404,BTC/USDT,37218.09,39546.34,36384.31,39442.33,675104.16,25492243891,-0.01
1.62726E+12,44403,BTC/USDT,35370.67,48168.6,35185.49,37218.09,1162332.86,44475672629,-0.06
1.62717E+12,44402,BTC/USDT,34230,35400,33812,35370.66,404114.84,13893942171,-0.05
1.62708E+12,44401,BTC/USDT,33631.74,34471,33379.81,34230,376046.03,12732082909,-0.03
1.627E+12,44400,BTC/USDT,32268.12,33650,31970.82,33634.46,404650.02,13173247546,-0.02
1.62691E+12,44399,BTC/USDT,32120,32583.48,31700,32268.11,397258.94,12754500029,-0.04
1.62683E+12,44398,BTC/USDT,29775.89,32883.9,29472.41,32120,787077.39,24708991011,0
1.62674E+12,44397,BTC/USDT,30823.62,31050,29242.24,29775.9,602688.19,17961608394,-0.07
1.62665E+12,44396,BTC/USDT,31765.23,31890,30358.77,30823.62,486305.63,15114690214,0.04
1.62657E+12,44395,BTC/USDT,31496.65,32435.93,31075.1,31767,412189.4,13084053081,0.03
1.62648E+12,44394,BTC/USDT,31382.96,31945,31150.02,31496.65,422650.42,13327067039,-0.01
1.62639E+12,44393,BTC/USDT,31865.53,32245,31018.59,31382.95,516577.74,16377889184,0
1.62631E+12,44392,BTC/USDT,32803,33170,31140,31866.43,539111.67,17249306210,0.02
1.62622E+12,44391,BTC/USDT,32708.66,33176.47,31556.02,32803.01,521140.41,16871855472,0.03
1.62613E+12,44390,BTC/USDT,33070.86,33336,32186.99,32709.09,466567.71,15294563607,0
1.62605E+12,44389,BTC/USDT,34253.88,34662.73,32650,33070.87,502747.76,16891641370,0.01
1.62596E+12,44388,BTC/USDT,33497.98,34629.62,33306.03,34253.81,343905.35,11640701256,0.04
1.62588E+12,44387,BTC/USDT,33805.01,34248.58,33010,33497.98,410271.98,13822726227,-0.02
1.62579E+12,44386,BTC/USDT,32855,34100,32250,33805.01,485662.88,16088319381,0.01
1.6257E+12,44385,BTC/USDT,33845.63,33910,32066,32852.04,650317.66,21360817083,-0.03
1.62562E+12,44384,BTC/USDT,34206,35089.56,33756.48,33845.64,456218.91,15756590092,0.03
1.62553E+12,44383,BTC/USDT,33672.72,35120,33500,34206.01,644229.01,22007603921,0.01
1.62544E+12,44382,BTC/USDT,35280.17,35281.55,33032,33672.72,736706.41,25080538854,-0.02
1.62536E+12,44381,BTC/USDT,34653.32,35955.55,34340.75,35280.16,451001.56,15913944818,0.05
1.62527E+12,44380,BTC/USDT,33760.94,34948.16,33296.98,34652.94,510614.26,17523073398,-0.02
1.62518E+12,44379,BTC/USDT,33489.96,33960,32684,33760.94,664923.2,22117194904,-0.03
1.6251E+12,44378,BTC/USDT,35031.39,35044.98,32672.04,33489.96,758966.49,25510026886,-0.01
1.62501E+12,44377,BTC/USDT,35910.64,36089.96,34042.74,35031.39,719742.98,25089717254,0.05
1.62492E+12,44376,BTC/USDT,34486.58,36623,34206,35911.26,806140.33,28651151982,0.03
1.62484E+12,44375,BTC/USDT,34687.71,35279.38,33855,34487.22,706158.55,24347802822,-0.04
1.62475E+12,44374,BTC/USDT,32250.15,34762,31960,34687.71,897147.45,29675701648,0.01
1.62467E+12,44373,BTC/USDT,31569.18,32720.52,30120,32255.56,1091384.75,34169368151,-0.07
1.62458E+12,44372,BTC/USDT,34644.65,35500,31250,31568.07,1093051.38,36220815800,-0.02
1.62449E+12,44371,BTC/USDT,33650,35406.74,32300,34644.64,774899.17,26142284529,0.1
1.62441E+12,44370,BTC/USDT,32496,34867.77,31711.5,33649,960700.37,32385728391,-0.03
1.62432E+12,44369,BTC/USDT,31606,33274,28780.01,32496,1531824.85,48118035156,-0.03
1.62423E+12,44368,BTC/USDT,35588.63,35746.28,31250.51,31606,1397330.66,45999742163,-0.03
1.62415E+12,44367,BTC/USDT,35483.01,36155,33312,35588.64,829896.44,28839255735,0.13
1.62406E+12,44366,BTC/USDT,35811.41,36471.8,34704.08,35483,642185.38,22933053074,0
1.62397E+12,44365,BTC/USDT,38060.71,38198,35100,35811.41,790379.25,29108720481,0.01
1.62389E+12,44364,BTC/USDT,38344.97,39565,37334.76,38060.71,603849.86,23274089670,0.06
1.6238E+12,44363,BTC/USDT,40132.86,40495,38105,38344.97,673235.5,26431149487,0.01
1.62372E+12,44362,BTC/USDT,40489.1,41413,39500,40132.86,632066.99,25426404029,0.05
1.62363E+12,44361,BTC/USDT,38993.66,41000,38720,40489.1,704979.88,28043323954,0.01
1.62354E+12,44360,BTC/USDT,35535.95,39374.18,34739.06,38993.65,647035.31,23729185500,-0.04
1.62346E+12,44359,BTC/USDT,37300.41,37432.95,34585.9,35537.05,623532.48,22229082761,-0.09
1.62337E+12,44358,BTC/USDT,36669.65,37679.54,35900,37300.42,586122.9,21668792471,0.05
1.62328E+12,44357,BTC/USDT,37369.99,38489,35750,36669.66,803185.7,29775084408,-0.02
1.6232E+12,44356,BTC/USDT,33372.58,37511.31,32390,37368.45,1031014.09,36050659489,0.02
1.62311E+12,44355,BTC/USDT,33550.97,34061.57,30969,33372.58,976693.03,31912200461,-0.11
1.62302E+12,44354,BTC/USDT,35801.71,36820,33200,33550.96,636735.87,22666564580,0.01
1.62294E+12,44353,BTC/USDT,35497.93,36521.16,35201.86,35801.71,443601.06,15937978041,0.07
1.62285E+12,44352,BTC/USDT,36828.03,37900.49,34800,35498.62,631028.45,22946553087,-0.01
1.62276E+12,44351,BTC/USDT,39247.4,39297.35,35552.51,36828.03,700625.87,25922946607,0.04
1.62268E+12,44350,BTC/USDT,37570,39470,37150.15,39247.4,507429.01,19590443295,0.07
1.62259E+12,44349,BTC/USDT,36694.37,38232.99,35905,37569.99,441719.81,16479965808,-0.04
1.62251E+12,44348,BTC/USDT,37244.36,37893.76,35500,36693.41,590822.54,21609364827,-0.02
1.62242E+12,44347,BTC/USDT,35651.8,37500,34150,37243.38,635082.12,22929964892,0.01
1.62233E+12,44346,BTC/USDT,34611.95,36501,33356,35651.81,511834.75,18116421636,-0.04
1.62225E+12,44345,BTC/USDT,35670.99,37375,33650,34611.94,733902.83,25787790807,-0.03
1.62216E+12,44344,BTC/USDT,38527.38,38888.35,34689.57,35670.99,832363.43,30299787312,0.03
1.62207E+12,44343,BTC/USDT,39224.21,40438.82,37133.22,38527.38,543338.57,21083767719,0.08
1.62199E+12,44342,BTC/USDT,38326.84,40900,37804.76,39224.2,577032.81,22649858074,0.02
1.6219E+12,44341,BTC/USDT,38783.58,39790.05,36439.32,38326.84,598836.41,22712004629,-0.02
1.62181E+12,44340,BTC/USDT,34656.53,39917.09,34366,38779.66,707903.07,26315302277,0.01
1.62173E+12,44339,BTC/USDT,37436,38261.71,31096.7,34651.6,996815.02,34118866979,-0.11
1.62164E+12,44338,BTC/USDT,37210.01,38851.34,35201.11,37432.58,588166.78,21993863635,0.08
1.62156E+12,44337,BTC/USDT,40500,42270.42,33400,37211.02,930671.75,35509680104,-0.01
1.62147E+12,44336,BTC/USDT,36689.14,42460,34882,40500.3,775185.11,30672617975,0.09
1.62138E+12,44335,BTC/USDT,42882.54,43615.93,28688,36689.14,1373851.85,52959873010,-0.09
1.6213E+12,44334,BTC/USDT,43565.11,45846.61,42268,42882.53,590358.59,25938880317,0.17
1.62121E+12,44333,BTC/USDT,46429.28,46655,42151,43566.18,809129.37,35658317192,0.02
1.62112E+12,44332,BTC/USDT,46794.62,49829.39,43866,46429.28,604537.63,28364127432,0.07
1.62104E+12,44331,BTC/USDT,49873.26,50709.43,46584.32,46793.41,442023.5,21481317003,0.01
1.62095E+12,44330,BTC/USDT,49706.27,51533,48870.41,49873.27,319069,16003223042,0.07
1.62086E+12,44329,BTC/USDT,49596.75,51358,45596.32,49707.9,652476.69,32261339755,0
1.62078E+12,44328,BTC/USDT,56712.7,58049.99,48503.74,49595.76,472329.15,25827757900,0
1.62069E+12,44327,BTC/USDT,55869.41,56908.66,54541.33,56710.43,267226.1,14894271373,0.14
1.6206E+12,44326,BTC/USDT,58292.53,59654,53250,55869.67,396237.13,22695249845,-0.01
1.62052E+12,44325,BTC/USDT,58926.36,59335.19,56316,58292.53,245954.01,14240035981,0.04
1.62043E+12,44324,BTC/USDT,57350.89,59590.96,56961.25,58924.98,264906.73,15519326694,0.01
1.62035E+12,44323,BTC/USDT,56435.35,58800,55300,57350.88,256159.5,14595837164,-0.03
1.62026E+12,44322,BTC/USDT,57497.76,58450,55297.91,56435.35,275471.2,15686629190,-0.02
1.62017E+12,44321,BTC/USDT,53263.32,57940,52880.38,57497.77,317811.71,17803582010,0.02
1.62009E+12,44320,BTC/USDT,57214.84,57253.76,53094.59,53263.32,388988.75,21460954657,-0.07
1.62E+12,44319,BTC/USDT,56630.34,59056.59,56500.65,57214.83,271733.97,15734811253,0.07
1.61991E+12,44318,BTC/USDT,57836.35,57959.97,56100,56630.33,203712.52,11572672993,-0.01
1.61983E+12,44317,BTC/USDT,57688.29,58488.17,57051.23,57836.34,207854.4,12008585818,0.02
1.61974E+12,44316,BTC/USDT,53558.57,57935,53043.62,57684.16,294683.75,16384605221,0
1.61965E+12,44315,BTC/USDT,54861.76,55222.02,52350,53558.8,257045.19,13822718179,-0.07
1.61957E+12,44314,BTC/USDT,55006.25,56574.13,53852,54861.77,263170.56,14420430888,0.02
1.61948E+12,44313,BTC/USDT,53984.34,55500,53225.14,55006.25,225440.36,12306057432,0
1.6194E+12,44312,BTC/USDT,49063.94,54364.89,48763,53984.33,390494.15,20594394185,-0.02
1.61931E+12,44311,BTC/USDT,50094.27,50577.9,46930.43,49063.94,310306.5,15286993330,-0.09
1.61922E+12,44310,BTC/USDT,51122.63,51183.51,48690,50092.4,299663.13,14965045327,0.02
1.61914E+12,44309,BTC/USDT,51714.62,52152,47546.16,51122.62,554666.03,27531602634,0.02
1.61905E+12,44308,BTC/USDT,53794.72,55470.51,50534.34,51714.61,453489.19,24205456559,0.01
1.61896E+12,44307,BTC/USDT,56411.25,56756.78,53610,53800,252601.97,13965417340,0.04
1.61888E+12,44306,BTC/USDT,55634.38,57060,53330.82,56410.56,324494.09,17936263516,0.05
1.61879E+12,44305,BTC/USDT,56140.05,57532.7,54200,55634.39,285041.72,15980367368,-0.01
1.6187E+12,44304,BTC/USDT,60090.14,60450,50050,56140.05,522006.28,29025717494,0.01
1.61862E+12,44303,BTC/USDT,61424.67,62610,59620,60090.14,194112.3,11862499746,0.07
1.61853E+12,44302,BTC/USDT,63232.56,63600,60100,61424.67,255765.89,15740427372,0.02
1.61844E+12,44301,BTC/USDT,63018.34,63905.83,62157.89,63232.55,178604.2,11249310340,0.03
1.61836E+12,44300,BTC/USDT,63645.05,64986.11,61404,63019.1,323454.88,20512671253,0
1.61827E+12,44299,BTC/USDT,59911.19,63850,59873.01,63649.71,279389.49,17408986053,0.01
1.61819E+12,44298,BTC/USDT,60093.26,61449.91,59500,59911.18,196147.56,11824507198,-0.06
1.6181E+12,44297,BTC/USDT,59832.43,60816.88,59304.02,60090.2,148499.82,8896497492,0
1.61801E+12,44296,BTC/USDT,58176.04,61800,57943.95,59832.43,240907.59,14476191585,0
1.61793E+12,44295,BTC/USDT,58122.93,58950,57700,58176.03,141690.14,8260112161,-0.03
1.61784E+12,44294,BTC/USDT,56018.17,58200,55759.13,58122.26,161389.86,9238696877,0
1.61775E+12,44293,BTC/USDT,58060,58720,55536.07,56018.18,265271.71,15106714001,-0.04
1.61767E+12,44292,BTC/USDT,59243.4,59626.18,57500,58059.99,165562.03,9681501017,0.04
1.61758E+12,44291,BTC/USDT,58234.61,59385,56808.94,59243.39,174338.65,10144751892,0.02
1.61749E+12,44290,BTC/USDT,57134.65,58553,56517.23,58234.61,152454.12,8785593781,-0.02
1.61741E+12,44289,BTC/USDT,59028.99,59925,56900,57134.65,198636.17,11672141258,-0.02
1.61732E+12,44288,BTC/USDT,58797.56,60397.85,58490.03,59031.36,189391.96,11251166315,0.03
1.61724E+12,44287,BTC/USDT,58810.99,59592.22,58002,58794.01,196332.11,11561694923,0
1.61715E+12,44286,BTC/USDT,58794.17,59920,56812,58807.24,337038.35,19776038992,0
1.61706E+12,44285,BTC/USDT,57676.14,59560,57110,58794.16,232824.07,13629362092,0
1.61698E+12,44284,BTC/USDT,55804.16,58490.11,54931.15,57677.64,277215.27,15858571873,-0.02
1.61689E+12,44283,BTC/USDT,55828,56588.31,54694.91,55805.08,200603.77,11188756873,-0.03
1.6168E+12,44282,BTC/USDT,55030,56658.76,54001,55828,234435.35,12939134316,0
1.61672E+12,44281,BTC/USDT,51325.21,55123,51260,55030,271957.84,14483003308,-0.01
1.61663E+12,44280,BTC/USDT,52307.89,53255.2,50452.08,51325.21,416848.09,21627711387,-0.07
1.61654E+12,44279,BTC/USDT,54400,57234.79,51666,52311.54,394172.53,21637316949,0.02
1.61646E+12,44278,BTC/USDT,54129.56,55890.68,52981.4,54400,276199.04,15088688823,0.04
1.61637E+12,44277,BTC/USDT,57415.19,58500,53635.81,54129.56,293062.95,16556509290,0
1.61628E+12,44276,BTC/USDT,58144.44,58638.7,55403.55,57415.18,237518.7,13576194107,0.06
1.6162E+12,44275,BTC/USDT,58089.11,59948,57881,58145.61,203680.15,12000524069,0.01
1.61611E+12,44274,BTC/USDT,57700.01,59550,56301.27,58089.11,259039.48,15107378224,0
1.61603E+12,44273,BTC/USDT,58959.01,60510,57072,57700.01,305100.03,17876750421,-0.01
1.61594E+12,44272,BTC/USDT,56953.23,59078.79,54154.93,58959,339397.71,19076274045,0.02
1.61585E+12,44271,BTC/USDT,55646.61,56988,53335,56954.19,339718.2,18756792660,-0.03
1.61577E+12,44270,BTC/USDT,59037.11,60740,54517.28,55646.61,448820.83,25683051452,-0.02
1.61568E+12,44269,BTC/USDT,61267.41,61798,59005,59037.12,231991.9,14012489135,0.06
1.61559E+12,44268,BTC/USDT,57291.04,61950,56136,61267.41,320322.17,18993462517,0.04
1.61551E+12,44267,BTC/USDT,57842.64,58186.33,55074.3,57291.03,335495.04,19043301949,-0.06
1.61542E+12,44266,BTC/USDT,55949.3,58283,54356.44,57844.52,364681.32,20569039537,0.01
1.61533E+12,44265,BTC/USDT,54917.78,57500.92,53061,55947.98,401159.49,22279865577,-0.03
1.61525E+12,44264,BTC/USDT,52429.43,54950,51880,54917.78,285604.8,15409273884,-0.02
1.61516E+12,44263,BTC/USDT,50991.35,52450,49310,52429.43,308339.87,15655716339,-0.05
1.61508E+12,44262,BTC/USDT,48908.21,51480,48908.21,50995.27,248398.12,12500440245,-0.03
1.61499E+12,44261,BTC/USDT,48772.68,49253.63,47090,48908.21,215092.91,10381734354,-0.04
1.6149E+12,44260,BTC/USDT,48385.77,49470,46320,48770.57,354602.76,16912469979,0
1.61482E+12,44259,BTC/USDT,50373.75,51800,47500,48385.77,387428.96,19138827121,-0.01
1.61473E+12,44258,BTC/USDT,48454.21,52681.51,48110.66,50373.75,350311.23,17795826816,0.04
1.61464E+12,44257,BTC/USDT,49594.99,50221.77,47058.06,48450.57,273100.44,13251422043,-0.04
1.61456E+12,44256,BTC/USDT,45162.64,49800,44972.49,49592.7,315659.93,15061638936,0.02
1.61447E+12,44255,BTC/USDT,46097.09,46678,43002.05,45163.36,370358.83,16549302263,-0.09
1.61438E+12,44254,BTC/USDT,46313.12,48476.05,44926.77,46102.63,256027.07,12038528819,0.02
1.6143E+12,44253,BTC/USDT,47087.97,48438.01,44100,46313.13,440670.32,20499678357,0
1.61421E+12,44252,BTC/USDT,49702.05,52134.96,46685.43,47089.37,349943.02,17447887800,0.02
1.61412E+12,44251,BTC/USDT,48930.01,51435.58,47000,49702.03,333415.22,16590055729,0.06
1.61404E+12,44250,BTC/USDT,54125.55,54260.12,44893.82,48930,748737.46,36297078765,-0.02
1.61395E+12,44249,BTC/USDT,57475.5,57591.87,47751.42,54121.1,480660.19,25951996710,0.11
1.61387E+12,44248,BTC/USDT,55908.45,58472.14,55564.5,57487.43,196820.57,11254047091,0.06
1.61378E+12,44247,BTC/USDT,56005.85,57699,53905,55917.41,240296.31,13529409885,-0.03
1.61369E+12,44246,BTC/USDT,51612.46,56582,50800,56004.1,257911.87,13784775686,0
1.61361E+12,44245,BTC/USDT,52194.62,52640,50948,51619.7,185489.89,9627115934,-0.08
1.61352E+12,44244,BTC/USDT,49197.93,52800,49029.62,52194.62,312007.46,15897490859,0.01
1.61343E+12,44243,BTC/USDT,47981.6,50953.44,47101.02,49197.94,343592.01,16865499630,-0.06
1.61335E+12,44242,BTC/USDT,48655.21,49100,45349.21,47981.58,248960.4,11872149327,-0.02
1.61326E+12,44241,BTC/USDT,47221.63,49875.16,47093.16,48655.21,241935.67,11797051403,0.01
1.61317E+12,44240,BTC/USDT,47364,48290,46252.1,47221.62,199965.4,9438075938,-0.03
1.61309E+12,44239,BTC/USDT,48060.21,49278.98,46121,47361.03,259186.29,12341281000,0
1.613E+12,44238,BTC/USDT,44850,48810,44038.97,48060.21,330540.05,15468624716,0.01
1.61292E+12,44237,BTC/USDT,46492.53,47475,43770,44850,334979.02,15286260788,-0.07
1.61283E+12,44236,BTC/USDT,46451.32,48266.36,45057.65,46492.54,381477.43,17820342807,0.04
1.61274E+12,44235,BTC/USDT,38849.24,47146,38037,46451.32,440167.09,18769855155,0
1.61266E+12,44234,BTC/USDT,39249.53,39757.87,37403.27,38849.25,296721.93,11466152233,-0.16
1.61257E+12,44233,BTC/USDT,38357.17,40992.4,38269,39249.54,310826.32,12369698321,0.01
1.61248E+12,44232,BTC/USDT,36975.19,38411.82,36586.68,38362.65,196277.44,7395595525,-0.02
1.6124E+12,44231,BTC/USDT,37651.92,38833,36233,36976.93,306715.02,11507154016,-0.04
1.61231E+12,44230,BTC/USDT,35504.07,37700,35410,37652.51,240308.08,8788925455,0.02
1.61222E+12,44229,BTC/USDT,33546.08,36041,33450,35504.06,239856.23,8364687573,-0.06
1.61214E+12,44228,BTC/USDT,33125.11,34720,32322.47,33546.09,240632.33,8121385637,-0.06
1.61205E+12,44227,BTC/USDT,34284.76,34393.22,32193.04,33126.21,211293.89,7052326919,-0.01
1.61196E+12,44226,BTC/USDT,34267.04,34988.88,32849.06,34289.85,267861.87,9109013883,0.04
1.61188E+12,44225,BTC/USDT,33399.99,38641.1,31960,34269.35,713579.79,25293550972,0
1.61179E+12,44224,BTC/USDT,30382.96,33778.95,29843.33,33399.75,311528.37,9909261735,-0.03
1.61171E+12,44223,BTC/USDT,32474.81,32562.2,29240,30381.04,431022.84,13269633441,-0.09
1.61162E+12,44222,BTC/USDT,32253.68,32950,30810,32474.14,346861.71,11060562208,0.07
1.61153E+12,44221,BTC/USDT,32274.88,34880,31921.47,32253.68,316687.52,10588161979,-0.01
1.61145E+12,44220,BTC/USDT,32086.48,33125.75,30914.2,32275.63,212107.04,6824806447,0
1.61136E+12,44219,BTC/USDT,32990.08,33495,31405,32086.48,256776.41,8300485557,-0.01
1.61127E+12,44218,BTC/USDT,30875.77,33831.52,28880,32986.34,453568.54,14265924157,0.03
1.61119E+12,44217,BTC/USDT,35499.23,35636.17,30069.9,30879.97,550562.28,17863845664,-0.06
1.6111E+12,44216,BTC/USDT,35891.74,36461.44,33403,35500,329192.42,11521126166,0.15
1.61101E+12,44215,BTC/USDT,36690,37961,35850,35891.03,257889.42,9530202433,0.01
1.61093E+12,44214,BTC/USDT,35875.72,37547.94,34808.47,36686.86,253386.7,9167208120,0.02
1.61084E+12,44213,BTC/USDT,36025.65,36898,33863.5,35869.83,287686.13,10206002445,-0.02
1.61076E+12,44212,BTC/USDT,36755.25,38000,35366,36025.66,301102.48,11103654690,0
1.61067E+12,44211,BTC/USDT,39163.31,39790,34478,36755.24,437610.11,16148530126,0.02
1.61058E+12,44210,BTC/USDT,37416.34,40189.39,36764.33,39163.31,353142.39,13663753723,0.07
1.6105E+12,44209,BTC/USDT,34065.53,37880,32420,37421.07,398188.09,13803091615,-0.04
1.61041E+12,44208,BTC/USDT,35406.92,36693.44,32600,34056.9,449065.69,15590695939,-0.09
1.61032E+12,44207,BTC/USDT,38200.01,38322.18,30448,35408.46,906275.65,30742156595,0.04
1.61024E+12,44206,BTC/USDT,40136.05,41412.12,35268,38221.67,436759.05,17027093435,0.08
1.61015E+12,44205,BTC/USDT,40638.91,41539.88,38733.28,40136.04,260882.81,10520523013,0.05
1.61006E+12,44204,BTC/USDT,39498.32,42125.51,36539.77,40637.23,518080.83,20667265854,0.01
1.60998E+12,44203,BTC/USDT,36825.77,40565.62,36337.36,39498.92,520147.91,19955559505,-0.03
1.60989E+12,44202,BTC/USDT,33999.51,37037.51,33356.46,36823.68,444019.83,15515216052,-0.07
1.6098E+12,44201,BTC/USDT,32029.55,34500,29900,33999.52,433720.83,13959353459,-0.08
1.60972E+12,44200,BTC/USDT,33053.93,33653.56,27800,32031.07,506128.02,15879195836,-0.06
1.60963E+12,44199,BTC/USDT,32198.41,34832.25,32000.02,33054.53,487486.99,16389111412,0.03
1.60955E+12,44198,BTC/USDT,29337.15,33480,28958.24,32199.91,545541.08,17122938615,-0.03
1.60946E+12,44197,BTC/USDT,28948.19,29668.86,28627.12,29337.16,210716.4,6157505024,-0.09
1.60937E+12,44196,BTC/USDT,28906.99,29376.7,27848,28951.68,313648.84,9030623930,-0.01
1.60929E+12,44195,BTC/USDT,27402.83,29063.72,27401,28906.99,374737.66,10558400367,0
1.6092E+12,44194,BTC/USDT,27101.45,27441.73,25913.01,27402.83,260759.45,6956813210,-0.05
1.60911E+12,44193,BTC/USDT,26301.76,27538.82,26117.1,27102.66,267563.47,7224208282,-0.01
1.60903E+12,44192,BTC/USDT,26508.84,28459.84,25850,26305.64,540264.15,14678578952,-0.03
1.60894E+12,44191,BTC/USDT,24729.99,26926,24507.24,26508.83,367265.56,9382122680,0.01
1.60885E+12,44190,BTC/USDT,23738.75,24827.64,23450,24730,284523.43,6874550223,-0.07
1.60877E+12,44189,BTC/USDT,23237.73,23819.81,22700,23737.44,237754.26,5517917922,-0.04
1.60868E+12,44188,BTC/USDT,23826.74,24235.42,22572.52,23238.27,394754.94,9276578417,-0.02
1.6086E+12,44187,BTC/USDT,22736.05,23850,22387,23826.99,326124.31,7526843284,0.03
1.60851E+12,44186,BTC/USDT,23472.96,24145,21920,22730.1,476456.59,11000495257,-0.05
1.60842E+12,44185,BTC/USDT,23847.28,24376,23076.25,23472.96,322289.77,7612660738,0.03
1.60834E+12,44184,BTC/USDT,23124.35,24281.61,22735.81,23847.28,337535.44,7938307874,0.02
1.60825E+12,44183,BTC/USDT,22816.99,23330,22363.94,23124.35,305997.22,7000308999,-0.03
1.60816E+12,44182,BTC/USDT,21346.81,23888.04,21231.5,22816.99,823435.82,18707295908,-0.01
1.60808E+12,44181,BTC/USDT,19424.9,21600,19274.55,21346.8,459302.01,9357131524,-0.06
1.60799E+12,44180,BTC/USDT,19270.71,19598,19039.64,19424.91,248744.05,4809598930,-0.09
1.6079E+12,44179,BTC/USDT,19175.06,19355.35,19004.72,19270.7,181555.82,3480597165,-0.01
1.60782E+12,44178,BTC/USDT,18800,19432,18705.46,19175.07,239760.09,4594353525,0
1.60773E+12,44177,BTC/USDT,18031.71,18950,18012.21,18800,196962.28,3641762063,-0.02
1.60764E+12,44176,BTC/USDT,18254,18290.44,17555,18031.47,317866.07,5689740184,-0.04
1.60756E+12,44175,BTC/USDT,18537.97,18550,17916,18253.51,233960.24,4271592591,0.01
1.60747E+12,44174,BTC/USDT,18319.33,18639.7,17650,18537.98,353123.69,6424799134,0.02
1.60739E+12,44173,BTC/USDT,19172.87,19319.38,18133.33,18319.32,280714.13,5279747287,-0.01
1.6073E+12,44172,BTC/USDT,19375,19446.36,18908.66,19172.88,169402.37,3249551714,0.05
1.60721E+12,44171,BTC/USDT,19147.63,19449.1,18855.35,19375.02,176004.61,3370639869,0.01
1.60713E+12,44170,BTC/USDT,18662.72,19203.46,18510,19147.62,165912.65,3145507861,-0.01
1.60704E+12,44169,BTC/USDT,19432.66,19537.16,18570,18664.2,276271.94,5260370304,-0.03
1.60695E+12,44168,BTC/USDT,19207.01,19640,18865,19434.3,245020.58,4724323629,0.04
1.60687E+12,44167,BTC/USDT,18770.33,19365,18329.58,19207.01,335717.48,6352815849,-0.01
1.60678E+12,44166,BTC/USDT,19722.09,19956,18050,18772.7,553885.33,10601482195,-0.02
1.60669E+12,44165,BTC/USDT,18180.43,19944,18178.82,19720,500482.57,9568806967,0.05
1.60661E+12,44164,BTC/USDT,17717.74,18343,17523,18181.09,256024.01,4609730542,-0.08
1.60652E+12,44163,BTC/USDT,17144.11,17880,16865.78,17717.74,268833.75,4666900540,-0.03
1.60644E+12,44162,BTC/USDT,17155.37,17465,16444.83,17144.1,398072.93,6748491428,-0.03
1.60635E+12,44161,BTC/USDT,18741.66,18940.69,16181,17155.34,850692.86,14698559977,0
1.60626E+12,44160,BTC/USDT,19178.53,19554.19,18509.12,18741.67,426276.99,8117262498,0.09
1.60618E+12,44159,BTC/USDT,18382.07,19440,18000,19179.64,477968.29,9042446486,0.02
1.60609E+12,44158,BTC/USDT,18434.17,18812.65,18013.97,18382.07,364221.38,6718716198,-0.04
1.606E+12,44157,BTC/USDT,18721.99,18780,17645.98,18435.2,373779.42,6856294688,0
1.60592E+12,44156,BTC/USDT,18662.85,18986,18302.08,18721.99,342412.49,6408035133,0.02
1.60583E+12,44155,BTC/USDT,17811.68,18831.6,17748.92,18664.31,407926.8,7497709363,0
1.60574E+12,44154,BTC/USDT,17788.32,18200,17347.27,17811.68,406500.98,7243709977,-0.05
1.60566E+12,44153,BTC/USDT,17670.01,18520,17215.03,17788.32,732937.1,13108477651,0
1.60557E+12,44152,BTC/USDT,16707,17890.1,16550,17670.01,524094.7,9050160241,-0.01
1.60548E+12,44151,BTC/USDT,15951.93,16882,15862,16707.07,342459.33,5627638531,-0.05
1.6054E+12,44150,BTC/USDT,16064.51,16161.23,15768,15952.27,210318.45,3359401680,-0.05
1.60531E+12,44149,BTC/USDT,16320.54,16326.82,15700,16064.51,266206.94,4251500068,0.01
1.60523E+12,44148,BTC/USDT,16289.01,16479.99,15955.6,16320.54,306656.36,4984405299,0.02
1.60514E+12,44147,BTC/USDT,15690.24,16345,15437.7,16289.02,471759.13,7523910249,0
1.60505E+12,44146,BTC/USDT,15294.68,16000,15274.89,15690.24,330772.85,5177231131,-0.04
1.60497E+12,44145,BTC/USDT,15328.72,15474.17,15071,15294.68,244073.5,3732294398,-0.03
1.60488E+12,44144,BTC/USDT,15473.2,15869,14822,15328.72,474181.98,7271506166,0
1.60479E+12,44143,BTC/USDT,14824.33,15678,14710,15473.2,290616.39,4428801811,0.01
1.60471E+12,44142,BTC/USDT,15590.95,15774,14350,14824.34,457582.68,6921481478,-0.04
1.60462E+12,44141,BTC/USDT,15598.74,15984.2,15177,15590.96,559380.06,8719764933,0.05
1.60453E+12,44140,BTC/USDT,14134.32,15777,14088.01,15598.75,717489.7,10661964053,0
1.60445E+12,44139,BTC/USDT,14016.55,14280,13512,14134.31,451433.42,6269163704,-0.09
1.60436E+12,44138,BTC/USDT,13541.55,14070,13276.33,14016.55,348730.51,4748953992,-0.01
1.60428E+12,44137,BTC/USDT,13752.87,13823.75,13195,13540.54,327991.77,4433952125,-0.03
1.60419E+12,44136,BTC/USDT,13783.73,13891.52,13605.9,13752.86,198395.23,2727415104,0.02
1.6041E+12,44135,BTC/USDT,13549.12,14140,13403.36,13783.73,357853.23,4923864621,0
1.60402E+12,44134,BTC/USDT,13446.65,13665.65,13100,13549.12,349890.57,4684549159,-0.02
1.60393E+12,44133,BTC/USDT,13255.79,13637.22,12965,13446.65,355352.34,4735209656,-0.01
1.60384E+12,44132,BTC/USDT,13629.89,13863,12876,13256.17,476993.79,6377260018,-0.01
1.60376E+12,44131,BTC/USDT,13047.24,13787.83,13041.3,13629.38,411509.51,5533418977,0.03
1.60367E+12,44130,BTC/USDT,13024.21,13240,12729,13047.24,316503.3,4121218763,-0.04
1.60358E+12,44129,BTC/USDT,13110.88,13369,12715,13023.81,206012.65,2690867876,0
1.6035E+12,44128,BTC/USDT,12925.82,13177.59,12871.07,13110.88,176146.63,2296046389,0.01
1.60341E+12,44127,BTC/USDT,12970.39,13043,12725.04,12925.82,237042.53,3059965868,-0.01
1.60332E+12,44126,BTC/USDT,12796.06,13188.27,12675.5,12968.87,343851.67,4448237306,0
1.60324E+12,44125,BTC/USDT,11900.03,13240,11876,12796.07,591963.07,7435850475,-0.01
1.60315E+12,44124,BTC/USDT,11744.99,12045.78,11673,11900.03,312811.8,3710691439,-0.07
1.60307E+12,44123,BTC/USDT,11501.5,11830,11404.01,11745,230161.65,2677138465,-0.01
1.60298E+12,44122,BTC/USDT,11356.25,11529.93,11342.54,11501.1,92472.19,1056889046,-0.02
1.60289E+12,44121,BTC/USDT,11319.51,11424.09,11250,11356.25,95892.97,1086838512,-0.01
1.60281E+12,44120,BTC/USDT,11502,11538.92,11175,11318.92,212339.09,2406176539,0
1.60272E+12,44119,BTC/USDT,11417.12,11649.48,11250,11502,215260.4,2455108609,0.02
1.60263E+12,44118,BTC/USDT,11419.36,11550,11280.5,11417.13,192936.97,2198967088,-0.01
1.60255E+12,44117,BTC/USDT,11530.37,11562,11308,11419.36,199115.12,2276664144,0
1.60246E+12,44116,BTC/USDT,11369.59,11732,11157,11530.36,254217.2,2913019650,0.01
1.60237E+12,44115,BTC/USDT,11294.78,11450.73,11273.77,11369.59,146323.08,1662984691,-0.01
1.60229E+12,44114,BTC/USDT,11050.46,11494,11050.46,11294.79,199398.01,2259937271,-0.01
1.6022E+12,44113,BTC/USDT,10919.45,11110,10818.44,11050.47,154336.82,1697348174,-0.02
1.60212E+12,44112,BTC/USDT,10658.75,10958,10523,10919.45,207938.86,2236764143,-0.01
1.60203E+12,44111,BTC/USDT,10593.65,10675,10540.29,10658.75,106700.52,1132125131,-0.02
1.60194E+12,44110,BTC/USDT,10784.99,10792,10510.66,10593.65,184895.25,1971152605,-0.01
1.60186E+12,44109,BTC/USDT,10660.16,10792,10608.9,10785,130589.14,1397359153,0.02
1.60177E+12,44108,BTC/USDT,10537.96,10694,10514,10660.16,90912.11,964435994.4,-0.01
1.60168E+12,44107,BTC/USDT,10565.44,10596,10491.11,10537.96,76315.91,804408980.9,-0.01
1.6016E+12,44106,BTC/USDT,10612.62,10660,10371.03,10565.15,224747.04,2359977989,0
1.60151E+12,44105,BTC/USDT,10773,10935.14,10442,10612.63,253619.62,2711075915,0
1.60142E+12,44104,BTC/USDT,10836.99,10845.99,10660.05,10773,132834.12,1425790132,0.02
1.60134E+12,44103,BTC/USDT,10691.94,10863.94,10631.49,10836.98,146888.32,1575829645,0.01
1.60125E+12,44102,BTC/USDT,10768,11024,10627.19,10691.45,187105.38,2031385663,-0.01
1.60116E+12,44101,BTC/USDT,10726.5,10793.5,10584,10768,123440.72,1321161006,0.01
1.60108E+12,44100,BTC/USDT,10683.5,10827.8,10642.23,10726.5,109340.49,1171569532,0
1.60099E+12,44099,BTC/USDT,10724.91,10754.29,10551.56,10683.51,170930.77,1820637897,0
1.60091E+12,44098,BTC/USDT,10237.91,10837.27,10191,10724.92,241646.57,2535999234,0
1.60082E+12,44097,BTC/USDT,10523.32,10531.94,10132.21,10237.91,203027.54,2106120079,-0.05
1.60073E+12,44096,BTC/USDT,10414.73,10574.08,10353.1,10523.32,179900.69,1881975169,0.03
1.60065E+12,44095,BTC/USDT,10915.52,10980.69,10281,10414.73,333047.15,3533611851,-0.01
1.60056E+12,44094,BTC/USDT,11073.2,11073.9,10751,10914.28,150450.56,1639131152,0.05
1.60047E+12,44093,BTC/USDT,10926.3,11177,10880,11073.74,126239.23,1391945358,0.01
1.60039E+12,44092,BTC/USDT,10935.97,11035,10810.1,10926.29,136028.35,1484796958,-0.01
1.6003E+12,44091,BTC/USDT,10948.16,11040,10740,10935.33,186484.36,2027994176,0
1.60021E+12,44090,BTC/USDT,10776.88,11089.08,10661.9,10948.17,252881.02,2756781832,0
1.60013E+12,44089,BTC/USDT,10664.1,10923.42,10592,10776.78,247657.23,2669470467,-0.02
1.60004E+12,44088,BTC/USDT,10327.72,10746.06,10241.57,10664.1,205260.24,2162656995,-0.01
1.59996E+12,44087,BTC/USDT,10438.29,10580,10209.01,10327.72,159021.84,1649859123,-0.03
1.59987E+12,44086,BTC/USDT,10387.81,10477.7,10271,10438.28,97429.04,1010752221,0.01
1.59978E+12,44085,BTC/USDT,10335.91,10397.85,10200.8,10387.81,135929.3,1399304759,0
1.5997E+12,44084,BTC/USDT,10219.29,10484.6,10211.67,10335.91,187667.87,1940858757,0
1.59961E+12,44083,BTC/USDT,10130,10346,9981.13,10219.29,151222.69,1540063640,-0.01
1.59952E+12,44082,BTC/USDT,10379.3,10443.79,9842.01,10129.02,317802.32,3206824299,-0.01
1.59944E+12,44081,BTC/USDT,10258.13,10420.55,9879.68,10378.76,258476.95,2616187382,0.02
1.59935E+12,44080,BTC/USDT,10168.23,10348.97,10003,10258.13,190207.65,1939661678,-0.01
1.59926E+12,44079,BTC/USDT,10448,10567.87,9808.58,10168.71,399307.28,4069494000,-0.01
1.59918E+12,44078,BTC/USDT,10141.4,10635.77,9878.65,10448,432563.84,4473051197,0.03
1.59909E+12,44077,BTC/USDT,11396.44,11475,9901.16,10141.08,487812.74,5277899021,-0.03
1.599E+12,44076,BTC/USDT,11930.17,11961,11156,11396.96,280411.96,3230818460,0.12
1.59892E+12,44075,BTC/USDT,11658.11,12061.07,11531.34,11930.18,211680.83,2514017351,0.05
1.59883E+12,44074,BTC/USDT,11714.13,11784.21,11575.78,11658.11,127272.38,1487504145,-0.02
1.59875E+12,44073,BTC/USDT,11466.27,11724.12,11457.88,11714.14,113266.67,1316261373,0
1.59866E+12,44072,BTC/USDT,11526.85,11582,11419.34,11466.66,83715.23,962840624.1,-0.02
1.59857E+12,44071,BTC/USDT,11335.83,11544.88,11283.19,11526.85,129477.63,1481017952,0.01
1.59849E+12,44070,BTC/USDT,11466.22,11593,11130.82,11335.53,253778.34,2880004202,-0.02
1.5984E+12,44069,BTC/USDT,11327.18,11548.68,11255.95,11466.22,170305.02,1941776560,0.01
1.59831E+12,44068,BTC/USDT,11753.29,11770,11130,11327.17,267234.77,3057706453,-0.01
1.59823E+12,44067,BTC/USDT,11654,11831.96,11595,11753.3,108781.13,1277174864,0.04
1.59814E+12,44066,BTC/USDT,11670.48,11724,11522.15,11654,95608.03,1111234523,-0.01
1.59805E+12,44065,BTC/USDT,11538.53,11689.08,11385.06,11670.47,126696.73,1462044717,0
1.59797E+12,44064,BTC/USDT,11858.53,11882.68,11491,11538.53,195106.54,2282701562,-0.01
1.59788E+12,44063,BTC/USDT,11763.88,11888,11676.03,11857.92,130981.04,1544542409,0.03
1.5978E+12,44062,BTC/USDT,11962.03,12037.05,11574.78,11763.87,313267.07,3688115094,-0.01
1.59771E+12,44061,BTC/USDT,12298.06,12403,11810,11960.79,291349.89,3529402333,0.02
1.59762E+12,44060,BTC/USDT,11921.32,12499.42,11780,12298.06,331435.11,4026216925,0.03
1.59754E+12,44059,BTC/USDT,11858.91,11945,11688,11921.23,165733.72,1962706567,-0.03
1.59745E+12,44058,BTC/USDT,11767.89,11993.58,11682,11859.04,222262.99,2639621485,-0.01
1.59736E+12,44057,BTC/USDT,11790,11868.42,11644.6,11767.89,159019.96,1869288349,-0.01
1.59728E+12,44056,BTC/USDT,11568.37,11798,11272,11790,248214.73,2865188931,0
1.59719E+12,44055,BTC/USDT,11392.64,11630,11140,11568.36,213799.49,2446503850,-0.02
1.5971E+12,44054,BTC/USDT,11896.86,11944,11127,11392.64,336861.64,3881574731,-0.02
1.59702E+12,44053,BTC/USDT,11685.99,12100,11384.9,11896.89,290418.01,3447830046,0.04
1.59693E+12,44052,BTC/USDT,11765.72,11811,11526.9,11685.99,125463.46,1462717951,-0.02
1.59684E+12,44051,BTC/USDT,11596.26,11819,11513.69,11765.72,154707.3,1808155551,0.01
1.59676E+12,44050,BTC/USDT,11769.97,11920,11318.93,11596.06,273935.13,3191651681,-0.01
1.59667E+12,44049,BTC/USDT,11752.5,11916.02,11571.78,11770.56,236459.6,2782205258,0.02
1.59659E+12,44048,BTC/USDT,11200.06,11798.56,11103,11752.5,263510.01,3037923803,0
1.5965E+12,44047,BTC/USDT,11227.07,11427.38,11025,11200.05,200044.93,2245992629,-0.05
1.59641E+12,44046,BTC/USDT,11080.7,11483,10923,11227.07,238654.59,2689651527,0
1.59633E+12,44045,BTC/USDT,11811.43,12154.25,10490,11079.72,492803.35,5584559651,-0.01
1.59624E+12,44044,BTC/USDT,11343.67,11887.45,11201,11811.42,386322.64,4493961579,0.07
1.59615E+12,44043,BTC/USDT,11111.97,11450.42,10971.78,11343.68,307399.73,3455848822,-0.04
1.59607E+12,44042,BTC/USDT,11113.01,11195.52,10826.55,11111.96,230327.99,2540930685,-0.02
1.59598E+12,44041,BTC/USDT,10919.94,11364.8,10844.34,11113.03,356188.76,3965422425,0
1.59589E+12,44040,BTC/USDT,11047.58,11270,10580,10919.94,499486.68,5481417616,-0.02
1.59581E+12,44039,BTC/USDT,9939.68,11488,9928.61,11047.58,744752.4,7891956950,0.01
1.59572E+12,44038,BTC/USDT,9701.54,10300,9655.2,9939.69,261998.79,2598998009,-0.1
1.59564E+12,44037,BTC/USDT,9539.7,9735.1,9526.31,9701.49,133377.59,1284993355,-0.02
1.59555E+12,44036,BTC/USDT,9604.41,9650,9470,9539.7,133975.07,1279232339,-0.02
1.59546E+12,44035,BTC/USDT,9518.25,9678.32,9439.86,9604.41,166990.15,1593882469,0.01
1.59538E+12,44034,BTC/USDT,9388,9543,9272,9518.25,126598.9,1189260919,-0.01
1.59529E+12,44033,BTC/USDT,9161.28,9439.6,9152.62,9388.01,179211.35,1671206200,-0.01
1.5952E+12,44032,BTC/USDT,9210.68,9221,9131.01,9161.13,72429.69,664469650.8,-0.02
1.59512E+12,44031,BTC/USDT,9171.79,9239.59,9108,9210.51,75554.58,692144095.4,0.01
1.59503E+12,44030,BTC/USDT,9151.7,9210,9121.98,9171.8,63233.6,579542001.4,0
1.59494E+12,44029,BTC/USDT,9132,9187,9087,9151.69,80940.58,739789769.3,0
1.59486E+12,44028,BTC/USDT,9197.75,9223,9044.02,9132,148089.45,1350809171,0
1.59477E+12,44027,BTC/USDT,9254.17,9272.56,9156,9197.3,104107.71,959516024.2,0.01
1.59468E+12,44026,BTC/USDT,9241.18,9279,9116,9254.17,129704.28,1194751478,0.01
1.5946E+12,44025,BTC/USDT,9300.7,9345,9200,9241.2,136117.66,1262652034,0
1.59451E+12,44024,BTC/USDT,9233.5,9349,9155,9300.69,127841.88,1182491577,0.01
1.59443E+12,44023,BTC/USDT,9288.39,9301.74,9178.91,9233.5,74976.52,692340842.1,-0.01
1.59434E+12,44022,BTC/USDT,9236.29,9317.24,9121.42,9288.39,140849.87,1295681630,0.01
1.59425E+12,44021,BTC/USDT,9436.08,9440.81,9164.33,9236.28,188355.86,1751622435,-0.01
1.59417E+12,44020,BTC/USDT,9258.51,9470,9233.47,9436.08,170243,1594244760,0.02
1.59408E+12,44019,BTC/USDT,9339.59,9380,9201.23,9258.51,127833.98,1184876084,-0.02
1.59399E+12,44018,BTC/USDT,9071.87,9379,9058.1,9339.6,199643.83,1843703742,0.01
1.59391E+12,44017,BTC/USDT,9137.18,9146.35,8900,9071.86,139545.57,1261953986,-0.03
1.59382E+12,44016,BTC/USDT,9058.07,9194,9042.84,9137.18,100215.44,913030839.3,0.01
1.59373E+12,44015,BTC/USDT,9087.72,9124.52,9036.06,9057.52,96947.34,881331916.3,-0.01
1.59365E+12,44014,BTC/USDT,9233.29,9262.99,8936,9087.72,230747.52,2105533922,0
1.59356E+12,44013,BTC/USDT,9138.88,9293,9090,9233.29,161642.19,1487427692,0.02
1.59348E+12,44012,BTC/USDT,9189.99,9205,9063.97,9138.87,143469.83,1311949156,-0.01
1.59339E+12,44011,BTC/USDT,9114.01,9233,9022,9189.48,176660.53,1610778783,0.01
1.5933E+12,44010,BTC/USDT,9008,9188,8932.68,9114,153842.89,1395928887,-0.01
1.59322E+12,44009,BTC/USDT,9159.99,9195.75,8816.4,9008,237840.17,2153509215,-0.01
1.59313E+12,44008,BTC/USDT,9246.75,9297.16,9038.52,9159.99,249348.67,2285936801,0.02
1.59304E+12,44007,BTC/USDT,9298.78,9350.9,9005,9246.75,272566.5,2510788505,0.01
1.59296E+12,44006,BTC/USDT,9631.65,9678,9210,9298.4,300450.25,2825265495,0.01
1.59287E+12,44005,BTC/USDT,9686.99,9723.23,9585,9631.66,164673.5,1588083862,0.04
1.59278E+12,44004,BTC/USDT,9293.39,9795,9273,9686.99,260561.65,2482574354,0.01
1.5927E+12,44003,BTC/USDT,9353.84,9420.47,9279,9293.51,110599.56,1033976411,-0.04
1.59261E+12,44002,BTC/USDT,9307,9394.29,9165,9354.04,154462.29,1436354409,0.01
1.59252E+12,44001,BTC/USDT,9381.99,9453,9239,9307,219510.06,2048059719,-0.01
1.59244E+12,44000,BTC/USDT,9458.45,9483.85,9272.41,9381.59,158349.25,1488056321,0.01
1.59235E+12,43999,BTC/USDT,9519.13,9569,9231.03,9458.45,227477.39,2143290042,0.01
1.59227E+12,43998,BTC/USDT,9422.01,9595,9370,9519.12,225713.25,2143232283,0.01
1.59218E+12,43997,BTC/USDT,9339.7,9490.83,8888.43,9422.01,413865.73,3811857668,-0.01
1.59209E+12,43996,BTC/USDT,9468.55,9477,9240.97,9339.61,143978.52,1350388889,-0.01
1.59201E+12,43995,BTC/USDT,9458.77,9497.85,9340,9468.54,113449.08,1068817694,0.01
1.59192E+12,43994,BTC/USDT,9277.72,9550,9238,9458.91,211611.34,1992908460,0
1.59183E+12,43993,BTC/USDT,9884.99,9970.1,9055.07,9278.03,404046.61,3862130909,-0.02
1.59175E+12,43992,BTC/USDT,9771.66,10015.99,9681.21,9884.99,193628.15,1900724588,0.07
1.59166E+12,43991,BTC/USDT,9778.87,9890,9550.03,9771.66,204422.82,1986584445,-0.01
1.59157E+12,43990,BTC/USDT,9743.92,9816,9631,9778.87,162086.42,1575946981,0
1.59149E+12,43989,BTC/USDT,9664.01,9823.13,9373,9743.92,253986.31,2440468631,0
1.5914E+12,43988,BTC/USDT,9616.64,9738.77,9528,9664,152526.7,1469881938,-0.01
1.59132E+12,43987,BTC/USDT,9788.32,9855,9580.52,9617.29,237103.04,2307020793,0
1.59123E+12,43986,BTC/USDT,9663.58,9884,9440,9788.33,264515.32,2564530031,0.02
1.59114E+12,43985,BTC/USDT,9514.9,9694.75,9382.33,9663.59,185389.41,1770390771,-0.01
1.59106E+12,43984,BTC/USDT,10232.41,10262.3,9264.15,9514.9,354168.52,3459821279,-0.02
1.59097E+12,43983,BTC/USDT,9446.49,10497.25,9420.85,10232.48,333740.46,3267274408,0.08
1.59088E+12,43982,BTC/USDT,9694.38,9698,9371.76,9446.43,219829.36,2096318342,-0.08
1.5908E+12,43981,BTC/USDT,9422.11,9753,9326.01,9695,255234.06,2431044087,0.03
1.59071E+12,43980,BTC/USDT,9569.58,9598,9317.42,9422.26,238691.3,2255365978,-0.03
1.59062E+12,43979,BTC/USDT,9197.32,9621.65,9110.97,9569.59,327412.37,3062477085,0.02
1.59054E+12,43978,BTC/USDT,8837.88,9230,8811,9197.32,272254,2466842797,-0.04
1.59045E+12,43977,BTC/USDT,8895.66,9011.82,8693.18,8837.05,275619.16,2439508067,-0.04
1.59036E+12,43976,BTC/USDT,8711.37,8977,8623.38,8895.65,302980.11,2667337683,0.01
1.59028E+12,43975,BTC/USDT,9176.32,9294.44,8674,8711.37,339643.38,3070856922,-0.02
1.59019E+12,43974,BTC/USDT,9166.43,9300,9076.9,9176.41,201589.66,1852871138,0.05
1.59011E+12,43973,BTC/USDT,9060,9259.38,8920,9166.4,276008.07,2515865909,0
1.59002E+12,43972,BTC/USDT,9508,9573,8812.2,9060,461439.19,4241795753,-0.01
1.58993E+12,43971,BTC/USDT,9772.66,9838,9281.42,9508.11,334423.59,3218411346,0.05
1.58985E+12,43970,BTC/USDT,9731.11,9900,9462,9773.64,376313.85,3642878349,0.03
1.58976E+12,43969,BTC/USDT,9677.31,9958.67,9450,9731.1,363732.37,3533354105,0
1.58967E+12,43968,BTC/USDT,9374.99,9880,9317.16,9678.57,300859.34,2902728543,-0.01
1.58959E+12,43967,BTC/USDT,9311.21,9585,9210.03,9374.99,287768.2,2705830762,-0.03
1.5895E+12,43966,BTC/USDT,9787.62,9843.5,9100,9310.73,504107.1,4784027639,-0.01
1.58941E+12,43965,BTC/USDT,9305.91,9950,9250.66,9786.8,602528.44,5798873581,0.05
1.58933E+12,43964,BTC/USDT,8808.71,9397,8790.04,9305.91,379719,3445913925,-0.05
1.58924E+12,43963,BTC/USDT,8560.73,8981,8520.43,8808.71,369716.04,3246499322,-0.05
1.58916E+12,43962,BTC/USDT,8723.23,9164,8151.12,8561.09,805164.96,7000184962,-0.03
1.58907E+12,43961,BTC/USDT,9550.25,9580,7940,8719.53,842909.03,7302630277,0.02
1.58898E+12,43960,BTC/USDT,9809.63,9923.98,9528.23,9550.67,411941.96,3999406853,0.1
1.5889E+12,43959,BTC/USDT,9994.74,10045.03,9726,9807.49,458034.21,4537481798,0.03
1.58881E+12,43958,BTC/USDT,9148.29,10080,9022,9995,738920.22,7079465730,0.02
1.58872E+12,43957,BTC/USDT,9022.76,9405,8916.01,9148.27,507753.8,4664860084,-0.08
1.58864E+12,43956,BTC/USDT,8873.99,9118.17,8766.12,9022.78,409920.13,3661156607,-0.01
1.58855E+12,43955,BTC/USDT,8899.99,8954.94,8526,8873.98,440135.31,3852426972,-0.02
1.58846E+12,43954,BTC/USDT,8975.18,9200,8727.24,8900,451322.71,4049513026,0
1.58838E+12,43953,BTC/USDT,8830.52,9020,8755.01,8975.18,295769.73,2627710360,0.01
1.58829E+12,43952,BTC/USDT,8623.61,9065,8619.84,8830.52,417820.39,3680586288,-0.02
1.5882E+12,43951,BTC/USDT,8784.05,9479.77,8400,8624.76,944211.71,8437341148,-0.02
1.58812E+12,43950,BTC/USDT,7735.76,8988.66,7710,8784.2,871197.57,7297189827,0.02
1.58803E+12,43949,BTC/USDT,7774,7780,7662.49,7735.75,217652.76,1679915193,-0.12
1.58795E+12,43948,BTC/USDT,7693.63,7795.6,7623.98,7774,290336.17,2236759632,0
1.58786E+12,43947,BTC/USDT,7534.01,7709.57,7476.86,7694.17,269921.94,2052434574,-0.01
1.58777E+12,43946,BTC/USDT,7504.62,7722.33,7433,7534.01,243266.81,1836251609,-0.02
1.58769E+12,43945,BTC/USDT,7483.36,7612.91,7388,7504.11,278378.37,2091451738,0
1.5876E+12,43944,BTC/USDT,7120.06,7802.38,7020,7483.35,472510.05,3475717727,0
1.58751E+12,43943,BTC/USDT,6838,7154.9,6812.57,7120.06,306482.16,2147460698,-0.05
1.58743E+12,43942,BTC/USDT,6825.28,6940,6759.16,6838,288024.53,1972271577,-0.04
1.58734E+12,43941,BTC/USDT,7118.04,7208.55,6735.95,6825.29,445104.98,3107676568,0
1.58725E+12,43940,BTC/USDT,7242.49,7258.42,7055,7118.03,216975.11,1550386465,0.04
1.58717E+12,43939,BTC/USDT,7022,7290,7008.11,7242.42,225807.17,1616702892,0.02
1.58708E+12,43938,BTC/USDT,7098.15,7140,6981,7022.44,277339.6,1958075005,-0.03
1.587E+12,43937,BTC/USDT,6616.88,7190.92,6465.33,7098.15,559868.6,3869854830,0.01
1.58691E+12,43936,BTC/USDT,6864.11,6929,6602.59,6616.89,281136.69,1902882417,-0.07
1.58682E+12,43935,BTC/USDT,6834.01,6975.6,6751,6864.11,280445.43,1926255197,0.04
1.58674E+12,43934,BTC/USDT,6900.19,6900.99,6558,6834,421954.77,2840095792,0
1.58665E+12,43933,BTC/USDT,6874.17,7173.98,6775.66,6900.52,321594.82,2245397130,0.01
1.58656E+12,43932,BTC/USDT,6858,6944.28,6757.29,6874.18,224157.84,1535701120,0
1.58648E+12,43931,BTC/USDT,7278.83,7290,6741,6857.82,440148.45,3057722781,0
1.58639E+12,43930,BTC/USDT,7357.15,7365.69,7105.98,7278.65,293638.58,2136691783,0.06
1.5863E+12,43929,BTC/USDT,7192.9,7417.83,7145.14,7357.66,332599.58,2426530950,0.01
1.58622E+12,43928,BTC/USDT,7325.73,7457,7070.43,7192.9,419572.04,3065548692,-0.02
1.58613E+12,43927,BTC/USDT,6768.9,7370,6760,7325.73,461331.01,3269655314,0.02
1.58604E+12,43926,BTC/USDT,6851.4,6893.44,6668.02,6768.9,239224.51,1622119003,-0.08
1.58596E+12,43925,BTC/USDT,6729.8,7020,6629.99,6851.1,319849.76,2168134179,0.01
1.58587E+12,43924,BTC/USDT,6791.65,7049.11,6600,6729.8,411944.93,2809083862,-0.02
1.58579E+12,43923,BTC/USDT,6641.22,7290,6542.73,6791.63,531321.43,3604597593,0.01
1.5857E+12,43922,BTC/USDT,6407.1,6693,6140,6641.51,390529.6,2470585504,-0.02
1.58561E+12,43921,BTC/USDT,6389.52,6516.63,6320,6407.1,262522.64,1689175319,-0.04
1.58553E+12,43920,BTC/USDT,5876.27,6606.15,5850,6391.08,387322,2435748935,0
1.58544E+12,43919,BTC/USDT,6231.81,6260,5857.6,5876.27,251335.92,1525085227,-0.08
1.58535E+12,43918,BTC/USDT,6353.64,6354.74,6004,6230.95,341944.19,2120036125,0.06
1.58527E+12,43917,BTC/USDT,6733.76,6840,6230,6353.64,258213.52,1715677662,0.02
1.58518E+12,43916,BTC/USDT,6673.57,6777.5,6500,6733.76,281245.63,1870132449,0.06
1.58509E+12,43915,BTC/USDT,6740.86,6960.71,6436.26,6673.41,400684.54,2667204859,-0.01
1.58501E+12,43914,BTC/USDT,6463.21,6840,6369,6741.33,437968.55,2903592539,0.01
1.58492E+12,43913,BTC/USDT,5810.3,6619.9,5670,6463.84,489746.09,3012248579,-0.04
1.58484E+12,43912,BTC/USDT,6183.84,6408.91,5730.35,5810.17,391002.8,2379970465,-0.1
1.58475E+12,43911,BTC/USDT,6204.47,6457.17,5854.01,6183.69,387679.65,2387762770,0.06
1.58466E+12,43910,BTC/USDT,6159.41,6911,5650,6203.77,571898.02,3643186060,0
1.58458E+12,43909,BTC/USDT,5389.94,6400,5246.5,6159.6,499391.19,2922169779,-0.01
1.58449E+12,43908,BTC/USDT,5306.42,5435,4982.75,5389.64,402005.7,2108477121,-0.13
1.5844E+12,43907,BTC/USDT,5027.11,5529.98,4913.49,5307.38,429908.1,2271134947,-0.02
1.58432E+12,43906,BTC/USDT,5354.81,5361.26,4413.62,5026.26,621555.79,3043134893,-0.05
1.58423E+12,43905,BTC/USDT,5167.21,5954.47,5089.12,5357.32,356311.77,1916062699,0.07
1.58414E+12,43904,BTC/USDT,5569.84,5638.42,5040,5167.01,316242.59,1697439879,-0.04
1.58406E+12,43903,BTC/USDT,4762.28,5971,3621.81,5570.26,935489.24,4777193239,0.08
1.58397E+12,43902,BTC/USDT,7938.39,7969,4347,4764.65,784747.02,4935684191,-0.14
1.58388E+12,43901,BTC/USDT,7898.21,7988,7593.29,7938.39,220537.38,1724800754,0.67
1.5838E+12,43900,BTC/USDT,7932.45,8156.31,7733,7897.66,257068.7,2044527825,-0.01
1.58371E+12,43899,BTC/USDT,8038.99,8182.31,7635.21,7932.15,334399.11,2627368283,0
1.58363E+12,43898,BTC/USDT,8895.62,8897.71,7997.7,8038.46,237407.03,2003492669,0.01
1.58354E+12,43897,BTC/USDT,9139.77,9204,8850,8897.18,125805,1135455550,0.11
1.58345E+12,43896,BTC/USDT,9062.62,9179.75,8994.14,9139.48,115011.58,1045435230,0.03
1.58337E+12,43895,BTC/USDT,8755.98,9172.3,8755.98,9062.81,161840.62,1458350449,-0.01
1.58328E+12,43894,BTC/USDT,8765,8853.88,8669.23,8756.93,105462.12,923600039.9,-0.03
1.58319E+12,43893,BTC/USDT,8919.7,8922.34,8657.41,8765,160123.61,1406716869,0
1.58311E+12,43892,BTC/USDT,8537.84,8972,8504.95,8919.7,160294.48,1405207929,0.02
1.58302E+12,43891,BTC/USDT,8532.5,8762.24,8409,8537.84,174332.92,1494294629,-0.04
1.58293E+12,43890,BTC/USDT,8699.86,8799.83,8530,8531.98,103524.69,898160923.8,0
1.58285E+12,43889,BTC/USDT,8827.12,8908.86,8450,8699.57,196066.11,1698656157,0.02
1.58276E+12,43888,BTC/USDT,8793.96,8978,8533.9,8828,200638.49,1763578868,0.01
1.58268E+12,43887,BTC/USDT,9326,9384,8610,8792.22,267005.17,2409004405,0
1.58259E+12,43886,BTC/USDT,9662.88,9686.78,9247,9326,168641.73,1596316069,0.06
1.5825E+12,43885,BTC/USDT,9943.12,10000,9487.38,9662.95,157965.67,1535789025,0.04
1.58242E+12,43884,BTC/USDT,9658.95,10018.9,9657,9943.12,97134.36,959596142.4,0.03
1.58233E+12,43883,BTC/USDT,9681.39,9710.7,9565,9659.2,58419.55,563688224.3,-0.03
1.58224E+12,43882,BTC/USDT,9601.51,9759.59,9547,9681.39,98954.29,957995037.6,0
1.58216E+12,43881,BTC/USDT,9593.31,9700,9382.59,9601.99,143105.59,1370467343,-0.01
1.58207E+12,43880,BTC/USDT,10174.53,10286,9293.07,9593.65,187495.93,1861820033,0
1.58198E+12,43879,BTC/USDT,9716,10270,9598,10174.32,166119.37,1642320614,0.06
1.5819E+12,43878,BTC/USDT,9921.87,9971,9461.89,9716,185338.18,1795989784,-0.05
1.58181E+12,43877,BTC/USDT,9914.31,10060.45,9626.64,9921.86,141547.96,1398906975,0.02
1.58172E+12,43876,BTC/USDT,10356.27,10389.75,9752.3,9914.99,152146.13,1533600988,0
1.58164E+12,43875,BTC/USDT,10240.02,10390,10123.37,10356.82,130975.75,1345001966,0.04
1.58155E+12,43874,BTC/USDT,10339.64,10540,10101,10239.63,213052.72,2192034973,-0.01
1.58147E+12,43873,BTC/USDT,10230.74,10479.98,10229.71,10339.99,159674.26,1650500848,0.01
1.58138E+12,43872,BTC/USDT,9865.56,10409.96,9729.36,10229.06,190119.82,1906183205,-0.01
1.58129E+12,43871,BTC/USDT,10167.37,10213.56,9750,9865.56,184242.74,1831546625,-0.04
1.58121E+12,43870,BTC/USDT,9906.09,10184.34,9892.15,10167.38,143407.01,1446593332,0.03
1.58112E+12,43869,BTC/USDT,9821.52,9956,9680.55,9906.43,129267.27,1270369231,-0.03
1.58103E+12,43868,BTC/USDT,9777.97,9900,9736.66,9821.52,129740.77,1272175091,-0.01
1.58095E+12,43867,BTC/USDT,9630,9884,9550,9778.12,200556.37,1950865329,0
1.58086E+12,43866,BTC/USDT,9198.32,9799.08,9179.88,9630,212311.7,2014987376,-0.02
1.58077E+12,43865,BTC/USDT,9300.63,9368,9105,9198.35,147843.9,1363688333,-0.04
1.58069E+12,43864,BTC/USDT,9340.49,9647.61,9250,9300.64,159049.39,1491076834,0.01
1.5806E+12,43863,BTC/USDT,9392.99,9489.92,9160.01,9338.2,148402.98,1391948767,0
1.58052E+12,43862,BTC/USDT,9364.5,9477.76,9306,9392.74,109040.29,1024210863,0.01
1.58043E+12,43861,BTC/USDT,9525.67,9550.72,9220,9364.51,146644.03,1373298968,0
1.58034E+12,43860,BTC/USDT,9311.23,9599,9210.42,9525.67,190137.54,1789181440,0.02
1.58026E+12,43859,BTC/USDT,9399.72,9460.52,9242,9311,169460.64,1584974428,-0.02
1.58017E+12,43858,BTC/USDT,8913.61,9436.06,8905,9398.98,244467.55,2222778105,0.01
1.58008E+12,43857,BTC/USDT,8611.21,9015.48,8565,8913.61,172235.33,1511064611,-0.05
1.58E+12,43856,BTC/USDT,8344.37,8624.45,8300,8611.21,117898.92,999306483.1,-0.03
1.57991E+12,43855,BTC/USDT,8442.82,8455,8272,8344.64,96961.71,809079683.4,-0.03
1.57982E+12,43854,BTC/USDT,8410,8528,8247,8441.96,144785.39,1217077352,0.01
1.57974E+12,43853,BTC/USDT,8684.47,8694,8326,8409.6,163407.06,1383035383,0
1.57965E+12,43852,BTC/USDT,8742.78,8820,8585.85,8684.57,94305.5,819676430.9,0.03
1.57956E+12,43851,BTC/USDT,8650,8790.1,8448.6,8742.43,107577.15,931932876.5,0.01
1.57948E+12,43850,BTC/USDT,8705.98,8750.37,8526.06,8650,125161.68,1083263125,-0.01
1.57939E+12,43849,BTC/USDT,8925,9205.3,8440.91,8705.85,225314.53,1990403744,0.01
1.57931E+12,43848,BTC/USDT,8918.73,8995,8816,8925,114708.68,1021654832,0.03
1.57922E+12,43847,BTC/USDT,8724.99,9039,8680,8918.72,205717.69,1827760141,0
1.57913E+12,43846,BTC/USDT,8825.35,8868.21,8596.25,8725.08,167958.96,1460649456,-0.02
1.57905E+12,43845,BTC/USDT,8825,8921.2,8570.52,8825.3,237633.84,2084078908,0.01
1.57896E+12,43844,BTC/USDT,8112.99,8893,8109.02,8825,290777.98,2496741836,0
1.57887E+12,43843,BTC/USDT,8186.22,8200,8053.78,8113,74581.36,604921759.1,-0.08
1.57879E+12,43842,BTC/USDT,8020.58,8195,7956.28,8186.7,108629.96,881428055.7,0.01
1.5787E+12,43841,BTC/USDT,8207.2,8292.19,8003.87,8020.56,164741.72,1338581054,-0.02
1.57861E+12,43840,BTC/USDT,7817.91,8210.62,7670,8207.09,253783.95,2013738850,0.02
1.57853E+12,43839,BTC/USDT,8059.77,8060,7750.01,7818.59,187263.14,1478591346,-0.05
1.57844E+12,43838,BTC/USDT,8150.9,8468.42,7870.11,8059.84,321225.11,2644782836,0.03
1.57836E+12,43837,BTC/USDT,7757.74,8215.33,7733,8152.49,280809.16,2233372067,0.01
1.57827E+12,43836,BTC/USDT,7354.36,7808.65,7345,7757.39,168150.32,1272203777,-0.05
1.57818E+12,43835,BTC/USDT,7350.54,7495,7303,7354.36,117765.97,874488521.4,-0.05
1.5781E+12,43834,BTC/USDT,7341.6,7400,7269.21,7350.71,92586.03,678402363.7,0
1.57801E+12,43833,BTC/USDT,6962.34,7407.28,6863.44,7341.72,208493.46,1507313613,0
1.57792E+12,43832,BTC/USDT,7197.57,7209.59,6922,6962.04,115295.68,815627831.1,-0.05
1.57784E+12,43831,BTC/USDT,7189.43,7260.43,7170.15,7197.57,56801.33,409678760.6,0.03
1.57775E+12,43830,BTC/USDT,7240.8,7319,7141,7189,89203.44,643792056.6,0
1.57766E+12,43829,BTC/USDT,7383.68,7400,7215.58,7240.43,94375.36,689435672.2,0.01
1.57758E+12,43828,BTC/USDT,7310.29,7527,7283.6,7383.67,102543.97,756943061.5,0.02
1.57749E+12,43827,BTC/USDT,7248.4,7359.15,7235,7311.48,91292.88,667101749.4,-0.01
1.5774E+12,43826,BTC/USDT,7197.84,7270,7078.89,7248.4,112284.61,808407623.1,-0.01
1.57732E+12,43825,BTC/USDT,7201.67,7438.8,7151,7197.46,133973.53,973097296.8,-0.01
1.57723E+12,43824,BTC/USDT,7251.57,7267.63,7123.19,7201.45,96965.07,699094669.9,0
1.57715E+12,43823,BTC/USDT,7314.03,7434.55,7156.08,7252.04,149081,1087303263,0.01
1.57706E+12,43822,BTC/USDT,7502.92,7691,7262,7314.01,215298.79,1615203185,0.01
1.57697E+12,43821,BTC/USDT,7131.02,7517.61,7122,7502.92,129797.4,948741532.6,0.03
1.57689E+12,43820,BTC/USDT,7184.39,7185,7108,7131.01,44340.87,316691491.7,-0.05
1.5768E+12,43819,BTC/USDT,7146.29,7217.08,7078.17,7184.39,86449.57,618061855.5,0.01
1.57671E+12,43818,BTC/USDT,7278.11,7367.87,7042.82,7146.29,158849.57,1136320674,-0.01
1.57663E+12,43817,BTC/USDT,6618.96,7479.99,6427,7277.44,328489.59,2241615062,0.02
1.57654E+12,43816,BTC/USDT,6887.48,6940,6550,6618.96,166411.29,1119916914,-0.09
1.57645E+12,43815,BTC/USDT,7115.45,7147.34,6831,6887.54,117597.89,823110567.2,0.04
1.57637E+12,43814,BTC/USDT,7060.79,7196,7004.77,7115,87933.23,623906287.2,0.03
1.57628E+12,43813,BTC/USDT,7252.98,7266.14,7007.86,7061.34,97837.51,697707778.3,-0.01
1.5762E+12,43812,BTC/USDT,7194.08,7298,7190,7252.98,80178.83,580009722,0.03
1.57611E+12,43811,BTC/USDT,7206.78,7295.12,7080,7194.77,140594.11,1009269924,-0.01
1.57602E+12,43810,BTC/USDT,7220.92,7267,7117.74,7205.77,97320.73,701421428,0
1.57594E+12,43809,BTC/USDT,7338.2,7403.71,7152,7220.98,126662.79,923135831.9,0
1.57585E+12,43808,BTC/USDT,7507.87,7676.48,7269.05,7337.49,136440.18,1017059788,0.02
1.57576E+12,43807,BTC/USDT,7487.19,7559.39,7376,7508.2,84380.34,631265923.9,0.02
1.57568E+12,43806,BTC/USDT,7521.13,7616.91,7467.44,7487.2,83208.78,625725539.4,0
1.57559E+12,43805,BTC/USDT,7384.66,7602.44,7295.73,7522.1,136218.71,1009056960,0
1.5755E+12,43804,BTC/USDT,7189.42,7480,7142.54,7384.99,176315.11,1291358111,-0.02
1.57542E+12,43803,BTC/USDT,7290.85,7800,7070,7191,274879.48,2010415074,-0.03
1.57533E+12,43802,BTC/USDT,7291.74,7404.42,7231.35,7290.86,84699.47,618921233,0.01
1.57524E+12,43801,BTC/USDT,7388,7416.75,7137.74,7291,143966.95,1049763091,0
1.57516E+12,43800,BTC/USDT,7541.08,7541.08,7222.29,7387.38,196291.25,1442570909,0.01
1.57507E+12,43799,BTC/USDT,7737.23,7800,7444.18,7542.93,141966.39,1081497212,0.02
1.57499E+12,43798,BTC/USDT,7417,7850,7394.57,7736.66,185819.19,1415257728,0.03
1.5749E+12,43797,BTC/USDT,7506.78,7643,7356,7415.79,175000.61,1314201480,-0.04
1.57481E+12,43796,BTC/USDT,7149.97,7669.2,6850,7506.77,297842.99,2162938473,0.01
1.57473E+12,43795,BTC/USDT,7103.34,7340.06,7011.9,7150,193962.09,1384559258,-0.05
1.57464E+12,43794,BTC/USDT,6899.77,7386.29,6510.19,7102.03,333987.91,2320368143,-0.01
1.57455E+12,43793,BTC/USDT,7306.19,7324.92,6855.91,6900.86,183676.08,1303419525,-0.03
1.57447E+12,43792,BTC/USDT,7261.89,7345.84,7073.38,7305.99,139643.31,1008592734,0.06
1.57438E+12,43791,BTC/USDT,7621.89,7765.03,6762.73,7262.72,371213.95,2688155961,-0.01
1.57429E+12,43790,BTC/USDT,8094.57,8131.51,7432,7621.9,180289.19,1400628627,0.05
1.57421E+12,43789,BTC/USDT,8131.12,8230,8037.5,8094.05,87352.38,708540147,0.06
1.57412E+12,43788,BTC/USDT,8183.3,8212.87,8000,8131.7,110854.03,898778770.9,0
1.57404E+12,43787,BTC/USDT,8504.13,8504.71,8050,8183.26,123477.14,1028202470,0.01
1.57395E+12,43786,BTC/USDT,8491.18,8631,8355.78,8504.04,72152.27,614653043.3,0.04
1.57386E+12,43785,BTC/USDT,8473.3,8540.54,8435,8491.06,48657.04,412710046.7,0
1.57378E+12,43784,BTC/USDT,8642.47,8780,8380,8473.27,145602.5,1246865100,0
1.57369E+12,43783,BTC/USDT,8774.78,8798.06,8581.39,8642.25,87100,754801551.1,0.02
1.5736E+12,43782,BTC/USDT,8817.94,8838,8712,8774.76,58585.81,513537401.1,0.02
1.57352E+12,43781,BTC/USDT,8729.89,8889.06,8552.12,8817,107520.55,938793147,0
1.57343E+12,43780,BTC/USDT,9041.31,9072.91,8611.11,8728.93,113373.76,996043073.2,-0.01
1.57334E+12,43779,BTC/USDT,8811.3,9187,8760,9041.31,91099.2,814629855.8,0.04
1.57326E+12,43778,BTC/USDT,8775.6,8878,8727,8811.15,66846.39,588949194.3,-0.03
1.57317E+12,43777,BTC/USDT,9221.63,9259.3,8669.85,8775.03,151851.16,1355101394,0
1.57308E+12,43776,BTC/USDT,9344.29,9381.93,9091.2,9219.64,77389.57,714933248.8,0.05
1.573E+12,43775,BTC/USDT,9313.1,9450,9259.48,9343.6,73767.91,689203217.4,0.01
1.57291E+12,43774,BTC/USDT,9395.47,9457.13,9164.33,9313.2,113738.23,1060847258,0
1.57283E+12,43773,BTC/USDT,9197.86,9550,9126.01,9395.46,90433.36,841596521.4,0.01
1.57274E+12,43772,BTC/USDT,9288.96,9366.69,9073,9197.88,75612.72,695623695.1,-0.02
1.57265E+12,43771,BTC/USDT,9231.7,9375,9194.98,9287.8,56602.06,524748680.1,0.01
1.57257E+12,43770,BTC/USDT,9149.88,9280,9050.27,9231.01,87256.95,798942104.7,-0.01
1.57248E+12,43769,BTC/USDT,9163.4,9438.64,8933,9150,98836.04,907028492.4,-0.01
1.57239E+12,43768,BTC/USDT,9415.02,9418.65,8975.72,9165.3,98464.86,904505541,0
1.57231E+12,43767,BTC/USDT,9215.78,9569.1,9070,9415.02,124703.01,1169427308,0.03
1.57222E+12,43766,BTC/USDT,9534.37,9930.13,9156.03,9217.36,155599.98,1475693085,-0.02
1.57213E+12,43765,BTC/USDT,9234.75,9803.83,9066.07,9533.32,163544.02,1551811193,0.03
1.57205E+12,43764,BTC/USDT,8650,10408.48,8626.89,9232.22,248161.16,2322814046,-0.03
1.57196E+12,43763,BTC/USDT,7410.07,8800,7359,8650,165118.93,1351037937,-0.06
1.57188E+12,43762,BTC/USDT,7465.18,7495.81,7337.44,7411.35,66719.53,495690565.1,-0.14
1.57179E+12,43761,BTC/USDT,8020.68,8047.78,7172.76,7465,108484.14,828695587.2,0.01
1.5717E+12,43760,BTC/USDT,8201,8290,8000,8020.89,69506.88,568694788.5,0.07
1.57162E+12,43759,BTC/USDT,8218.23,8334.57,8150,8201.74,59928.52,492366045.4,0.02
1.57153E+12,43758,BTC/USDT,7947.78,8300.5,7871.17,8218.23,78663.92,631533255.8,0
1.57144E+12,43757,BTC/USDT,7945.57,8108.54,7852.12,7947.13,78024.4,620945265.2,-0.03
1.57136E+12,43756,BTC/USDT,8069.41,8117.3,7812,7943.94,75251.35,597673590.5,0
1.57127E+12,43755,BTC/USDT,7994.76,8124.63,7930,8069.2,58354.6,468701652,0.02
1.57118E+12,43754,BTC/USDT,8160.55,8184,7900.24,7992.21,70434.45,566811842,-0.01
1.5711E+12,43753,BTC/USDT,8346.31,8408.62,8080,8160.01,86246.75,711597427.7,0.02
1.57101E+12,43752,BTC/USDT,8274.33,8381.77,8205.02,8346.05,61999.82,514903627.2,0.02
1.57092E+12,43751,BTC/USDT,8300.31,8456,8137.3,8274.66,43820.91,365285901.8,-0.01
1.57084E+12,43750,BTC/USDT,8255.54,8397.45,8248.34,8300.22,37761.51,314379330.8,0
1.57075E+12,43749,BTC/USDT,8557,8788,8210,8255.58,69157.96,582172642.9,-0.01
1.57067E+12,43748,BTC/USDT,8559.77,8640.89,8419.34,8556.02,44285.67,377726959.9,0.04
1.57058E+12,43747,BTC/USDT,8168.33,8700,8113,8559.77,65453.64,549731852.7,0
1.57049E+12,43746,BTC/USDT,8188.55,8322.01,8103.88,8167.62,44715.17,366576763.3,-0.05
1.57041E+12,43745,BTC/USDT,7851.01,8330,7764.42,8186.88,62760.3,504822438.8,0
1.57032E+12,43744,BTC/USDT,8122.01,8148.43,7760,7852.79,41909.04,333155725,-0.04
1.57023E+12,43743,BTC/USDT,8130,8175,8010,8122.14,30262.01,244744089.1,0.03
1.57015E+12,43742,BTC/USDT,8219.95,8227.42,7979.95,8130.56,28421.11,230978393.3,0
1.57006E+12,43741,BTC/USDT,8353.4,8386,8020,8220.27,33430.23,274334928.4,0.01
1.56997E+12,43740,BTC/USDT,8290,8365.92,8149.35,8352.14,30329.18,249785989.1,0.02
1.56989E+12,43739,BTC/USDT,8285.31,8499,8171,8290,39212.8,327218811.6,-0.01
1.5698E+12,43738,BTC/USDT,8042.08,8331.89,7709.01,8285.84,54412.52,436701925.2,0
1.56972E+12,43737,BTC/USDT,8199,8226.35,7888.98,8041.96,35966.06,289320913.7,-0.03
1.56963E+12,43736,BTC/USDT,8178.26,8311,8001.14,8195.38,33820.92,275406180.4,0.02
1.56954E+12,43735,BTC/USDT,8061.98,8260,7851.94,8176.52,40034.65,321440849.1,0
1.56946E+12,43734,BTC/USDT,8428.15,8464.4,7700.67,8060.15,60065.95,487919029.6,-0.01
1.56937E+12,43733,BTC/USDT,8493.32,8725.24,8200,8430.07,48222.1,406841550.2,0.05
1.56928E+12,43732,BTC/USDT,8683.2,9792.83,8645.61,8645.61,29758.54,286175252.4,0.03
1.5692E+12,43731,BTC/USDT,10027.69,10046.91,9620,9701.96,31927.06,314749491.6,0.12
1.56911E+12,43730,BTC/USDT,9992.7,10089.52,9857,10023.04,23916.35,238688620.3,0.03
1.56902E+12,43729,BTC/USDT,10166.56,10175.3,9912.63,9983.33,23642.39,237320660.3,0
1.56894E+12,43728,BTC/USDT,10247.7,10279.3,10070.5,10166.35,23265.91,236683803.7,0.02
1.56885E+12,43727,BTC/USDT,10154.7,10331.62,9530.02,10245.3,26228.75,262112110,0.01
1.56876E+12,43726,BTC/USDT,10183.87,10256.65,10097.92,10155.16,20832.9,212309755,-0.01
1.56868E+12,43725,BTC/USDT,10257.3,10270.63,10136.77,10186.52,22519.61,229911548.2,0
1.56859E+12,43724,BTC/USDT,10302,10353.81,10080.7,10249.27,20185.64,206767492.7,0.01
1.56851E+12,43723,BTC/USDT,10333.47,10359.2,10024.81,10302.22,20536.26,211512546,0.01
1.56842E+12,43722,BTC/USDT,10343.01,10419.97,10222.77,10332.25,20656.62,213270510.3,0
1.56833E+12,43721,BTC/USDT,10414.96,10440.55,10153.51,10341.34,19252.72,198205401.8,0
1.56825E+12,43720,BTC/USDT,10163.06,10450.13,10042.12,10415.13,15609.63,159494237.4,0.01
1.56816E+12,43719,BTC/USDT,10094.27,10293.11,9884.31,10159.55,10897.92,109786235.8,-0.02
1.56807E+12,43718,BTC/USDT,10307,10382.97,9940.87,10102.02,9068.96,92717645.17,-0.01
1.56799E+12,43717,BTC/USDT,10316.62,10475.54,10077.22,10307,14824.37,152447209.6,0.02
1.5679E+12,43716,BTC/USDT,10000,10412.65,10000,10391.63,3096.29,32096280.45,0.01
