unix,date,symbol,open,high,low,close,Volume BTC,Volume USDT,tradecount
1.57E+12,08-09-2019 0:00,BTC/USDT,10000,10412.65,10000,10391.63,3096.291,32096280,3754
1.57E+12,09-09-2019 0:00,BTC/USDT,10316.62,10475.54,10077.22,10307,14824.37,1.52E+08,11296
1.57E+12,10-09-2019 0:00,BTC/USDT,10307,10382.97,9940.87,10102.02,9068.955,92717645,10089
1.57E+12,11-09-2019 0:00,BTC/USDT,10094.27,10293.11,9884.31,10159.55,10897.92,1.10E+08,13811
1.57E+12,12-09-2019 0:00,BTC/USDT,10163.06,10450.13,10042.12,10415.13,15609.63,1.59E+08,20060
1.57E+12,13-09-2019 00:00,BTC/USDT,10414.96,10440.55,10153.51,10341.34,19252.72,1.98E+08,29249
1.57E+12,14-09-2019 00:00,BTC/USDT,10343.01,10419.97,10222.77,10332.25,20656.62,2.13E+08,30436
1.57E+12,15-09-2019 00:00,BTC/USDT,10333.47,10359.2,10024.81,10302.22,20536.26,2.12E+08,25912
1.57E+12,16-09-2019 00:00,BTC/USDT,10302,10353.81,10080.7,10249.27,20185.64,2.07E+08,31837
1.57E+12,17-09-2019 00:00,BTC/USDT,10257.3,10270.63,10136.77,10186.52,22519.61,2.30E+08,31535
1.57E+12,18-09-2019 00:00,BTC/USDT,10183.87,10256.65,10097.92,10155.16,20832.9,2.12E+08,30799
1.57E+12,19-09-2019 00:00,BTC/USDT,10154.7,10331.62,9530.02,10245.3,26228.75,2.62E+08,41871
1.57E+12,20-09-2019 00:00,BTC/USDT,10247.7,10279.3,10070.5,10166.35,23265.91,2.37E+08,31054
1.57E+12,21-09-2019 00:00,BTC/USDT,10166.56,10175.3,9912.63,9983.33,23642.39,2.37E+08,32670
1.57E+12,22-09-2019 00:00,BTC/USDT,9992.7,10089.52,9857,10023.04,23916.35,2.39E+08,33401
1.57E+12,23-09-2019 00:00,BTC/USDT,10027.69,10046.91,9620,9701.96,31927.06,3.15E+08,42190
1.57E+12,24-09-2019 00:00,BTC/USDT,8683.2,9792.83,8645.61,8645.61,29758.54,2.86E+08,46730
1.57E+12,25-09-2019 00:00,BTC/USDT,8493.32,8725.24,8200,8430.07,48222.1,4.07E+08,85707
1.57E+12,26-09-2019 00:00,BTC/USDT,8428.15,8464.4,7700.67,8060.15,60065.95,4.88E+08,110581
1.57E+12,27-09-2019 00:00,BTC/USDT,8061.98,8260,7851.94,8176.52,40034.65,3.21E+08,80396
1.57E+12,28-09-2019 00:00,BTC/USDT,8178.26,8311,8001.14,8195.38,33820.92,2.75E+08,69220
1.57E+12,29-09-2019 00:00,BTC/USDT,8199,8226.35,7888.98,8041.96,35966.06,2.89E+08,78128
1.57E+12,30-09-2019 00:00,BTC/USDT,8042.08,8331.89,7709.01,8285.84,54412.52,4.37E+08,107329
1.57E+12,01-10-2019 0:00,BTC/USDT,8285.31,8499,8171,8290,39212.8,3.27E+08,92166
1.57E+12,02-10-2019 0:00,BTC/USDT,8290,8365.92,8149.35,8352.14,30329.18,2.50E+08,71452
1.57E+12,03-10-2019 0:00,BTC/USDT,8353.4,8386,8020,8220.27,33430.23,2.74E+08,82221
1.57E+12,04-10-2019 0:00,BTC/USDT,8219.95,8227.42,7979.95,8130.56,28421.11,2.31E+08,74683
1.57E+12,05-10-2019 0:00,BTC/USDT,8130,8175,8010,8122.14,30262.01,2.45E+08,69791
1.57E+12,06-10-2019 0:00,BTC/USDT,8122.01,8148.43,7760,7852.79,41909.04,3.33E+08,94844
1.57E+12,07-10-2019 0:00,BTC/USDT,7851.01,8330,7764.42,8186.88,62760.3,5.05E+08,115400
1.57E+12,08-10-2019 0:00,BTC/USDT,8188.55,8322.01,8103.88,8167.62,44715.17,3.67E+08,82468
1.57E+12,09-10-2019 0:00,BTC/USDT,8168.33,8700,8113,8559.77,65453.64,5.50E+08,114326
1.57E+12,10-10-2019 0:00,BTC/USDT,8559.77,8640.89,8419.34,8556.02,44285.67,3.78E+08,83861
1.57E+12,11-10-2019 0:00,BTC/USDT,8557,8788,8210,8255.58,69157.96,5.82E+08,116971
1.57E+12,12-10-2019 0:00,BTC/USDT,8255.54,8397.45,8248.34,8300.22,37761.51,3.14E+08,68373
1.57E+12,13-10-2019 00:00,BTC/USDT,8300.31,8456,8137.3,8274.66,43820.91,3.65E+08,80857
1.57E+12,14-10-2019 00:00,BTC/USDT,8274.33,8381.77,8205.02,8346.05,61999.82,5.15E+08,93034
1.57E+12,15-10-2019 00:00,BTC/USDT,8346.31,8408.62,8080,8160.01,86246.75,7.12E+08,97630
1.57E+12,16-10-2019 00:00,BTC/USDT,8160.55,8184,7900.24,7992.21,70434.45,5.67E+08,90317
1.57E+12,17-10-2019 00:00,BTC/USDT,7994.76,8124.63,7930,8069.2,58354.6,4.69E+08,80845
1.57E+12,18-10-2019 00:00,BTC/USDT,8069.41,8117.3,7812,7943.94,75251.35,5.98E+08,102381
1.57E+12,19-10-2019 00:00,BTC/USDT,7945.57,8108.54,7852.12,7947.13,78024.4,6.21E+08,98068
1.57E+12,20-10-2019 00:00,BTC/USDT,7947.78,8300.5,7871.17,8218.23,78663.92,6.32E+08,120205
1.57E+12,21-10-2019 00:00,BTC/USDT,8218.23,8334.57,8150,8201.74,59928.52,4.92E+08,100497
1.57E+12,22-10-2019 00:00,BTC/USDT,8201,8290,8000,8020.89,69506.88,5.69E+08,115709
1.57E+12,23-10-2019 00:00,BTC/USDT,8020.68,8047.78,7172.76,7465,108484.1,8.29E+08,202487
1.57E+12,24-10-2019 00:00,BTC/USDT,7465.18,7495.81,7337.44,7411.35,66719.53,4.96E+08,111756
1.57E+12,25-10-2019 00:00,BTC/USDT,7410.07,8800,7359,8650,165118.9,1.35E+09,322189
1.57E+12,26-10-2019 00:00,BTC/USDT,8650,10408.48,8626.89,9232.22,248161.2,2.32E+09,503375
1.57E+12,27-10-2019 00:00,BTC/USDT,9234.75,9803.83,9066.07,9533.32,163544,1.55E+09,309972
1.57E+12,28-10-2019 00:00,BTC/USDT,9534.37,9930.13,9156.03,9217.36,155600,1.48E+09,279048
1.57E+12,29-10-2019 00:00,BTC/USDT,9215.78,9569.1,9070,9415.02,124703,1.17E+09,242823
1.57E+12,30-10-2019 00:00,BTC/USDT,9415.02,9418.65,8975.72,9165.3,98464.86,9.05E+08,233836
1.57E+12,31-10-2019 00:00,BTC/USDT,9163.4,9438.64,8933,9150,98836.04,9.07E+08,247658
1.57E+12,01-11-2019 0:00,BTC/USDT,9149.88,9280,9050.27,9231.01,87256.95,7.99E+08,237247
1.57E+12,02-11-2019 0:00,BTC/USDT,9231.7,9375,9194.98,9287.8,56602.06,5.25E+08,163182
1.57E+12,03-11-2019 0:00,BTC/USDT,9288.96,9366.69,9073,9197.88,75612.72,6.96E+08,257133
1.57E+12,04-11-2019 0:00,BTC/USDT,9197.86,9550,9126.01,9395.46,90433.36,8.42E+08,248571
1.57E+12,05-11-2019 0:00,BTC/USDT,9395.47,9457.13,9164.33,9313.2,113738.2,1.06E+09,276198
1.57E+12,06-11-2019 0:00,BTC/USDT,9313.1,9450,9259.48,9343.6,73767.91,6.89E+08,190226
1.57E+12,07-11-2019 0:00,BTC/USDT,9344.29,9381.93,9091.2,9219.64,77389.57,7.15E+08,178691
1.57E+12,08-11-2019 0:00,BTC/USDT,9221.63,9259.3,8669.85,8775.03,151851.2,1.36E+09,319405
1.57E+12,09-11-2019 0:00,BTC/USDT,8775.6,8878,8727,8811.15,66846.39,5.89E+08,183364
1.57E+12,10-11-2019 0:00,BTC/USDT,8811.3,9187,8760,9041.31,91099.2,8.15E+08,245197
1.57E+12,11-11-2019 0:00,BTC/USDT,9041.31,9072.91,8611.11,8728.93,113373.8,9.96E+08,324917
1.57E+12,12-11-2019 0:00,BTC/USDT,8729.89,8889.06,8552.12,8817,107520.5,9.39E+08,287214
1.57E+12,13-11-2019 00:00,BTC/USDT,8817.94,8838,8712,8774.76,58585.81,5.14E+08,163995
1.57E+12,14-11-2019 00:00,BTC/USDT,8774.78,8798.06,8581.39,8642.25,87100,7.55E+08,225625
1.57E+12,15-11-2019 00:00,BTC/USDT,8642.47,8780,8380,8473.27,145602.5,1.25E+09,368156
1.57E+12,16-11-2019 00:00,BTC/USDT,8473.3,8540.54,8435,8491.06,48657.04,4.13E+08,152747
1.57E+12,17-11-2019 00:00,BTC/USDT,8491.18,8631,8355.78,8504.04,72152.27,6.15E+08,215149
1.57E+12,18-11-2019 00:00,BTC/USDT,8504.13,8504.71,8050,8183.26,123477.1,1.03E+09,363313
1.57E+12,19-11-2019 00:00,BTC/USDT,8183.3,8212.87,8000,8131.7,110854,8.99E+08,294385
1.57E+12,20-11-2019 00:00,BTC/USDT,8131.12,8230,8037.5,8094.05,87352.38,7.09E+08,241974
1.57E+12,21-11-2019 00:00,BTC/USDT,8094.57,8131.51,7432,7621.9,180289.2,1.40E+09,412277
1.57E+12,22-11-2019 00:00,BTC/USDT,7621.89,7765.03,6762.73,7262.72,371214,2.69E+09,999166
1.57E+12,23-11-2019 00:00,BTC/USDT,7261.89,7345.84,7073.38,7305.99,139643.3,1.01E+09,378359
1.57E+12,24-11-2019 00:00,BTC/USDT,7306.19,7324.92,6855.91,6900.86,183676.1,1.30E+09,504021
1.57E+12,25-11-2019 00:00,BTC/USDT,6899.77,7386.29,6510.19,7102.03,333987.9,2.32E+09,926856
1.57E+12,26-11-2019 00:00,BTC/USDT,7103.34,7340.06,7011.9,7150,193962.1,1.38E+09,525112
1.57E+12,27-11-2019 00:00,BTC/USDT,7149.97,7669.2,6850,7506.77,297843,2.16E+09,787562
1.57E+12,28-11-2019 00:00,BTC/USDT,7506.78,7643,7356,7415.79,175000.6,1.31E+09,439167
1.57E+12,29-11-2019 00:00,BTC/USDT,7417,7850,7394.57,7736.66,185819.2,1.42E+09,481870
1.58E+12,30-11-2019 00:00,BTC/USDT,7737.23,7800,7444.18,7542.93,141966.4,1.08E+09,362290
1.58E+12,01-12-2019 0:00,BTC/USDT,7541.08,7541.08,7222.29,7387.38,196291.3,1.44E+09,500459
1.58E+12,02-12-2019 0:00,BTC/USDT,7388,7416.75,7137.74,7291,143967,1.05E+09,370901
1.58E+12,03-12-2019 0:00,BTC/USDT,7291.74,7404.42,7231.35,7290.86,84699.47,6.19E+08,233130
1.58E+12,04-12-2019 0:00,BTC/USDT,7290.85,7800,7070,7191,274879.5,2.01E+09,593445
1.58E+12,05-12-2019 0:00,BTC/USDT,7189.42,7480,7142.54,7384.99,176315.1,1.29E+09,446089
1.58E+12,06-12-2019 0:00,BTC/USDT,7384.66,7602.44,7295.73,7522.1,136218.7,1.01E+09,367352
1.58E+12,07-12-2019 0:00,BTC/USDT,7521.13,7616.91,7467.44,7487.2,83208.78,6.26E+08,223129
1.58E+12,08-12-2019 0:00,BTC/USDT,7487.19,7559.39,7376,7508.2,84380.34,6.31E+08,218684
1.58E+12,09-12-2019 0:00,BTC/USDT,7507.87,7676.48,7269.05,7337.49,136440.2,1.02E+09,349478
1.58E+12,10-12-2019 0:00,BTC/USDT,7338.2,7403.71,7152,7220.98,126662.8,9.23E+08,294099
1.58E+12,11-12-2019 0:00,BTC/USDT,7220.92,7267,7117.74,7205.77,97320.73,7.01E+08,224496
1.58E+12,12-12-2019 0:00,BTC/USDT,7206.78,7295.12,7080,7194.77,140594.1,1.01E+09,304604
1.58E+12,13-12-2019 00:00,BTC/USDT,7194.08,7298,7190,7252.98,80178.83,5.80E+08,187255
1.58E+12,14-12-2019 00:00,BTC/USDT,7252.98,7266.14,7007.86,7061.34,97837.51,6.98E+08,236813
1.58E+12,15-12-2019 00:00,BTC/USDT,7060.79,7196,7004.77,7115,87933.23,6.24E+08,180924
1.58E+12,16-12-2019 00:00,BTC/USDT,7115.45,7147.34,6831,6887.54,117597.9,8.23E+08,249488
1.58E+12,17-12-2019 00:00,BTC/USDT,6887.48,6940,6550,6618.96,166411.3,1.12E+09,348899
1.58E+12,18-12-2019 00:00,BTC/USDT,6618.96,7479.99,6427,7277.44,328489.6,2.24E+09,675369
1.58E+12,19-12-2019 00:00,BTC/USDT,7278.11,7367.87,7042.82,7146.29,158849.6,1.14E+09,323697
1.58E+12,20-12-2019 00:00,BTC/USDT,7146.29,7217.08,7078.17,7184.39,86449.57,6.18E+08,179313
1.58E+12,21-12-2019 00:00,BTC/USDT,7184.39,7185,7108,7131.01,44340.87,3.17E+08,99594
1.58E+12,22-12-2019 00:00,BTC/USDT,7131.02,7517.61,7122,7502.92,129797.4,9.49E+08,278563
1.58E+12,23-12-2019 00:00,BTC/USDT,7502.92,7691,7262,7314.01,215298.8,1.62E+09,431464
1.58E+12,24-12-2019 00:00,BTC/USDT,7314.03,7434.55,7156.08,7252.04,149081,1.09E+09,279760
1.58E+12,25-12-2019 00:00,BTC/USDT,7251.57,7267.63,7123.19,7201.45,96965.07,6.99E+08,174360
1.58E+12,26-12-2019 00:00,BTC/USDT,7201.67,7438.8,7151,7197.46,133973.5,9.73E+08,246938
1.58E+12,27-12-2019 00:00,BTC/USDT,7197.84,7270,7078.89,7248.4,112284.6,8.08E+08,211189
1.58E+12,28-12-2019 00:00,BTC/USDT,7248.4,7359.15,7235,7311.48,91292.88,6.67E+08,156362
1.58E+12,29-12-2019 00:00,BTC/USDT,7310.29,7527,7283.6,7383.67,102544,7.57E+08,186571
1.58E+12,30-12-2019 00:00,BTC/USDT,7383.68,7400,7215.58,7240.43,94375.36,6.89E+08,174925
1.58E+12,31-12-2019 00:00,BTC/USDT,7240.8,7319,7141,7189,89203.44,6.44E+08,157014
1.58E+12,01-01-2020 0:00,BTC/USDT,7189.43,7260.43,7170.15,7197.57,56801.33,4.10E+08,101871
1.58E+12,02-01-2020 0:00,BTC/USDT,7197.57,7209.59,6922,6962.04,115295.7,8.16E+08,224747
1.58E+12,03-01-2020 0:00,BTC/USDT,6962.34,7407.28,6863.44,7341.72,208493.5,1.51E+09,409820
1.58E+12,04-01-2020 0:00,BTC/USDT,7341.6,7400,7269.21,7350.71,92586.03,6.78E+08,186349
1.58E+12,05-01-2020 0:00,BTC/USDT,7350.54,7495,7303,7354.36,117766,8.74E+08,238905
1.58E+12,06-01-2020 0:00,BTC/USDT,7354.36,7808.65,7345,7757.39,168150.3,1.27E+09,323625
1.58E+12,07-01-2020 0:00,BTC/USDT,7757.74,8215.33,7733,8152.49,280809.2,2.23E+09,526402
1.58E+12,08-01-2020 0:00,BTC/USDT,8150.9,8468.42,7870.11,8059.84,321225.1,2.64E+09,650971
1.58E+12,09-01-2020 0:00,BTC/USDT,8059.77,8060,7750.01,7818.59,187263.1,1.48E+09,362420
1.58E+12,10-01-2020 0:00,BTC/USDT,7817.91,8210.62,7670,8207.09,253783.9,2.01E+09,542054
1.58E+12,11-01-2020 0:00,BTC/USDT,8207.2,8292.19,8003.87,8020.56,164741.7,1.34E+09,354690
1.58E+12,12-01-2020 0:00,BTC/USDT,8020.58,8195,7956.28,8186.7,108630,8.81E+08,243290
1.58E+12,13-01-2020 00:00,BTC/USDT,8186.22,8200,8053.78,8113,74581.36,6.05E+08,184440
1.58E+12,14-01-2020 00:00,BTC/USDT,8112.99,8893,8109.02,8825,290778,2.50E+09,652920
1.58E+12,15-01-2020 00:00,BTC/USDT,8825,8921.2,8570.52,8825.3,237633.8,2.08E+09,435491
1.58E+12,16-01-2020 00:00,BTC/USDT,8825.35,8868.21,8596.25,8725.08,167959,1.46E+09,294579
1.58E+12,17-01-2020 00:00,BTC/USDT,8724.99,9039,8680,8918.72,205717.7,1.83E+09,390463
1.58E+12,18-01-2020 00:00,BTC/USDT,8918.73,8995,8816,8925,114708.7,1.02E+09,220520
1.58E+12,19-01-2020 00:00,BTC/USDT,8925,9205.3,8440.91,8705.85,225314.5,1.99E+09,444795
1.58E+12,20-01-2020 00:00,BTC/USDT,8705.98,8750.37,8526.06,8650,125161.7,1.08E+09,240897
1.58E+12,21-01-2020 00:00,BTC/USDT,8650,8790.1,8448.6,8742.43,107577.2,9.32E+08,200875
1.58E+12,22-01-2020 00:00,BTC/USDT,8742.78,8820,8585.85,8684.57,94305.5,8.20E+08,180455
1.58E+12,23-01-2020 00:00,BTC/USDT,8684.47,8694,8326,8409.6,163407.1,1.38E+09,335447
1.58E+12,24-01-2020 00:00,BTC/USDT,8410,8528,8247,8441.96,144785.4,1.22E+09,316370
1.58E+12,25-01-2020 00:00,BTC/USDT,8442.82,8455,8272,8344.64,96961.71,8.09E+08,186872
1.58E+12,26-01-2020 00:00,BTC/USDT,8344.37,8624.45,8300,8611.21,117898.9,9.99E+08,218347
1.58E+12,27-01-2020 00:00,BTC/USDT,8611.21,9015.48,8565,8913.61,172235.3,1.51E+09,359034
1.58E+12,28-01-2020 00:00,BTC/USDT,8913.61,9436.06,8905,9398.98,244467.5,2.22E+09,455985
1.58E+12,29-01-2020 00:00,BTC/USDT,9399.72,9460.52,9242,9311,169460.6,1.58E+09,338155
1.58E+12,30-01-2020 00:00,BTC/USDT,9311.23,9599,9210.42,9525.67,190137.5,1.79E+09,393732
1.58E+12,31-01-2020 00:00,BTC/USDT,9525.67,9550.72,9220,9364.51,146644,1.37E+09,266727
1.58E+12,01-02-2020 0:00,BTC/USDT,9364.5,9477.76,9306,9392.74,109040.3,1.02E+09,229569
1.58E+12,02-02-2020 0:00,BTC/USDT,9392.99,9489.92,9160.01,9338.2,148403,1.39E+09,285872
1.58E+12,03-02-2020 0:00,BTC/USDT,9340.49,9647.61,9250,9300.64,159049.4,1.49E+09,313233
1.58E+12,04-02-2020 0:00,BTC/USDT,9300.63,9368,9105,9198.35,147843.9,1.36E+09,282503
1.58E+12,05-02-2020 0:00,BTC/USDT,9198.32,9799.08,9179.88,9630,212311.7,2.01E+09,387332
1.58E+12,06-02-2020 0:00,BTC/USDT,9630,9884,9550,9778.12,200556.4,1.95E+09,366953
1.58E+12,07-02-2020 0:00,BTC/USDT,9777.97,9900,9736.66,9821.52,129740.8,1.27E+09,244078
1.58E+12,08-02-2020 0:00,BTC/USDT,9821.52,9956,9680.55,9906.43,129267.3,1.27E+09,238583
1.58E+12,09-02-2020 0:00,BTC/USDT,9906.09,10184.34,9892.15,10167.38,143407,1.45E+09,270733
1.58E+12,10-02-2020 0:00,BTC/USDT,10167.37,10213.56,9750,9865.56,184242.7,1.83E+09,333889
1.58E+12,11-02-2020 0:00,BTC/USDT,9865.56,10409.96,9729.36,10229.06,190119.8,1.91E+09,381836
1.58E+12,12-02-2020 0:00,BTC/USDT,10230.74,10479.98,10229.71,10339.99,159674.3,1.65E+09,336615
1.58E+12,13-02-2020 00:00,BTC/USDT,10339.64,10540,10101,10239.63,213052.7,2.19E+09,454247
1.58E+12,14-02-2020 00:00,BTC/USDT,10240.02,10390,10123.37,10356.82,130975.7,1.35E+09,267110
1.58E+12,15-02-2020 00:00,BTC/USDT,10356.27,10389.75,9752.3,9914.99,152146.1,1.53E+09,325934
1.58E+12,16-02-2020 00:00,BTC/USDT,9914.31,10060.45,9626.64,9921.86,141548,1.40E+09,321449
1.58E+12,17-02-2020 00:00,BTC/USDT,9921.87,9971,9461.89,9716,185338.2,1.80E+09,399493
1.58E+12,18-02-2020 00:00,BTC/USDT,9716,10270,9598,10174.32,166119.4,1.64E+09,398826
1.58E+12,19-02-2020 00:00,BTC/USDT,10174.53,10286,9293.07,9593.65,187495.9,1.86E+09,442535
1.58E+12,20-02-2020 00:00,BTC/USDT,9593.31,9700,9382.59,9601.99,143105.6,1.37E+09,340441
1.58E+12,21-02-2020 00:00,BTC/USDT,9601.51,9759.59,9547,9681.39,98954.29,9.58E+08,222939
1.58E+12,22-02-2020 00:00,BTC/USDT,9681.39,9710.7,9565,9659.2,58419.55,5.64E+08,137989
1.58E+12,23-02-2020 00:00,BTC/USDT,9658.95,10018.9,9657,9943.12,97134.36,9.60E+08,229104
1.58E+12,24-02-2020 00:00,BTC/USDT,9943.12,10000,9487.38,9662.95,157965.7,1.54E+09,357670
1.58E+12,25-02-2020 00:00,BTC/USDT,9662.88,9686.78,9247,9326,168641.7,1.60E+09,370353
1.58E+12,26-02-2020 00:00,BTC/USDT,9326,9384,8610,8792.22,267005.2,2.41E+09,594555
1.58E+12,27-02-2020 00:00,BTC/USDT,8793.96,8978,8533.9,8828,200638.5,1.76E+09,447761
1.58E+12,28-02-2020 00:00,BTC/USDT,8827.12,8908.86,8450,8699.57,196066.1,1.70E+09,479621
1.58E+12,29-02-2020 00:00,BTC/USDT,8699.86,8799.83,8530,8531.98,103524.7,8.98E+08,217411
1.58E+12,01-03-2020 0:00,BTC/USDT,8532.5,8762.24,8409,8537.84,174332.9,1.49E+09,346326
1.58E+12,02-03-2020 0:00,BTC/USDT,8537.84,8972,8504.95,8919.7,160294.5,1.41E+09,330286
1.58E+12,03-03-2020 0:00,BTC/USDT,8919.7,8922.34,8657.41,8765,160123.6,1.41E+09,331015
1.58E+12,04-03-2020 0:00,BTC/USDT,8765,8853.88,8669.23,8756.93,105462.1,9.24E+08,219177
1.58E+12,05-03-2020 0:00,BTC/USDT,8755.98,9172.3,8755.98,9062.81,161840.6,1.46E+09,305604
1.58E+12,06-03-2020 0:00,BTC/USDT,9062.62,9179.75,8994.14,9139.48,115011.6,1.05E+09,226911
1.58E+12,07-03-2020 0:00,BTC/USDT,9139.77,9204,8850,8897.18,125805,1.14E+09,240352
1.58E+12,08-03-2020 0:00,BTC/USDT,8895.62,8897.71,7997.7,8038.46,237407,2.00E+09,443337
1.58E+12,09-03-2020 0:00,BTC/USDT,8038.99,8182.31,7635.21,7932.15,334399.1,2.63E+09,630254
1.58E+12,10-03-2020 0:00,BTC/USDT,7932.45,8156.31,7733,7897.66,257068.7,2.04E+09,480453
1.58E+12,11-03-2020 0:00,BTC/USDT,7898.21,7988,7593.29,7938.39,220537.4,1.72E+09,401429
1.58E+12,12-03-2020 0:00,BTC/USDT,7938.39,7969,4347,4764.65,784747,4.94E+09,1559176
1.58E+12,13-03-2020 00:00,BTC/USDT,4762.28,5971,3621.81,5570.26,935489.2,4.78E+09,2491958
1.58E+12,14-03-2020 00:00,BTC/USDT,5569.84,5638.42,5040,5167.01,316242.6,1.70E+09,778184
1.58E+12,15-03-2020 00:00,BTC/USDT,5167.21,5954.47,5089.12,5357.32,356311.8,1.92E+09,806813
1.58E+12,16-03-2020 00:00,BTC/USDT,5354.81,5361.26,4413.62,5026.26,621555.8,3.04E+09,1445469
1.58E+12,17-03-2020 00:00,BTC/USDT,5027.11,5529.98,4913.49,5307.38,429908.1,2.27E+09,1054231
1.58E+12,18-03-2020 00:00,BTC/USDT,5306.42,5435,4982.75,5389.64,402005.7,2.11E+09,915737
1.58E+12,19-03-2020 00:00,BTC/USDT,5389.94,6400,5246.5,6159.6,499391.2,2.92E+09,1105378
1.58E+12,20-03-2020 00:00,BTC/USDT,6159.41,6911,5650,6203.77,571898,3.64E+09,1274738
1.58E+12,21-03-2020 00:00,BTC/USDT,6204.47,6457.17,5854.01,6183.69,387679.6,2.39E+09,986672
1.58E+12,22-03-2020 00:00,BTC/USDT,6183.84,6408.91,5730.35,5810.17,391002.8,2.38E+09,1072425
1.58E+12,23-03-2020 00:00,BTC/USDT,5810.3,6619.9,5670,6463.84,489746.1,3.01E+09,1193611
1.59E+12,24-03-2020 00:00,BTC/USDT,6463.21,6840,6369,6741.33,437968.6,2.90E+09,1114257
1.59E+12,25-03-2020 00:00,BTC/USDT,6740.86,6960.71,6436.26,6673.41,400684.5,2.67E+09,1046097
1.59E+12,26-03-2020 00:00,BTC/USDT,6673.57,6777.5,6500,6733.76,281245.6,1.87E+09,808889
1.59E+12,27-03-2020 00:00,BTC/USDT,6733.76,6840,6230,6353.64,258213.5,1.72E+09,741333
1.59E+12,28-03-2020 00:00,BTC/USDT,6353.64,6354.74,6004,6230.95,341944.2,2.12E+09,1008455
1.59E+12,29-03-2020 00:00,BTC/USDT,6231.81,6260,5857.6,5876.27,251335.9,1.53E+09,695647
1.59E+12,30-03-2020 00:00,BTC/USDT,5876.27,6606.15,5850,6391.08,387322,2.44E+09,1071219
1.59E+12,31-03-2020 00:00,BTC/USDT,6389.52,6516.63,6320,6407.1,262522.6,1.69E+09,790788
1.59E+12,01-04-2020 0:00,BTC/USDT,6407.1,6693,6140,6641.51,390529.6,2.47E+09,1158799
1.59E+12,02-04-2020 0:00,BTC/USDT,6641.22,7290,6542.73,6791.63,531321.4,3.60E+09,1382876
1.59E+12,03-04-2020 0:00,BTC/USDT,6791.65,7049.11,6600,6729.8,411944.9,2.81E+09,1074346
1.59E+12,04-04-2020 0:00,BTC/USDT,6729.8,7020,6629.99,6851.1,319849.8,2.17E+09,918658
1.59E+12,05-04-2020 0:00,BTC/USDT,6851.4,6893.44,6668.02,6768.9,239224.5,1.62E+09,698862
1.59E+12,06-04-2020 0:00,BTC/USDT,6768.9,7370,6760,7325.73,461331,3.27E+09,1279153
1.59E+12,07-04-2020 0:00,BTC/USDT,7325.73,7457,7070.43,7192.9,419572,3.07E+09,1075255
1.59E+12,08-04-2020 0:00,BTC/USDT,7192.9,7417.83,7145.14,7357.66,332599.6,2.43E+09,1007080
1.59E+12,09-04-2020 0:00,BTC/USDT,7357.15,7365.69,7105.98,7278.65,293638.6,2.14E+09,844238
1.59E+12,10-04-2020 0:00,BTC/USDT,7278.83,7290,6741,6857.82,440148.5,3.06E+09,1366733
1.59E+12,11-04-2020 0:00,BTC/USDT,6858,6944.28,6757.29,6874.18,224157.8,1.54E+09,703329
1.59E+12,12-04-2020 0:00,BTC/USDT,6874.17,7173.98,6775.66,6900.52,321594.8,2.25E+09,960439
1.59E+12,13-04-2020 00:00,BTC/USDT,6900.19,6900.99,6558,6834,421954.8,2.84E+09,1257602
1.59E+12,14-04-2020 00:00,BTC/USDT,6834.01,6975.6,6751,6864.11,280445.4,1.93E+09,1002761
1.59E+12,15-04-2020 00:00,BTC/USDT,6864.11,6929,6602.59,6616.89,281136.7,1.90E+09,978500
1.59E+12,16-04-2020 00:00,BTC/USDT,6616.88,7190.92,6465.33,7098.15,559868.6,3.87E+09,1570129
1.59E+12,17-04-2020 00:00,BTC/USDT,7098.15,7140,6981,7022.44,277339.6,1.96E+09,815405
1.59E+12,18-04-2020 00:00,BTC/USDT,7022,7290,7008.11,7242.42,225807.2,1.62E+09,665801
1.59E+12,19-04-2020 00:00,BTC/USDT,7242.49,7258.42,7055,7118.03,216975.1,1.55E+09,687566
1.59E+12,20-04-2020 00:00,BTC/USDT,7118.04,7208.55,6735.95,6825.29,445105,3.11E+09,1327875
1.59E+12,21-04-2020 00:00,BTC/USDT,6825.28,6940,6759.16,6838,288024.5,1.97E+09,927606
1.59E+12,22-04-2020 00:00,BTC/USDT,6838,7154.9,6812.57,7120.06,306482.2,2.15E+09,926951
1.59E+12,23-04-2020 00:00,BTC/USDT,7120.06,7802.38,7020,7483.35,472510,3.48E+09,1298970
1.59E+12,24-04-2020 00:00,BTC/USDT,7483.36,7612.91,7388,7504.11,278378.4,2.09E+09,808016
1.59E+12,25-04-2020 00:00,BTC/USDT,7504.62,7722.33,7433,7534.01,243266.8,1.84E+09,645606
1.59E+12,26-04-2020 00:00,BTC/USDT,7534.01,7709.57,7476.86,7694.17,269921.9,2.05E+09,720885
1.59E+12,27-04-2020 00:00,BTC/USDT,7693.63,7795.6,7623.98,7774,290336.2,2.24E+09,755785
1.59E+12,28-04-2020 00:00,BTC/USDT,7774,7780,7662.49,7735.75,217652.8,1.68E+09,588167
1.59E+12,29-04-2020 00:00,BTC/USDT,7735.76,8988.66,7710,8784.2,871197.6,7.30E+09,2033439
1.59E+12,30-04-2020 00:00,BTC/USDT,8784.05,9479.77,8400,8624.76,944211.7,8.44E+09,2329118
1.59E+12,01-05-2020 0:00,BTC/USDT,8623.61,9065,8619.84,8830.52,417820.4,3.68E+09,1303431
1.59E+12,02-05-2020 0:00,BTC/USDT,8830.52,9020,8755.01,8975.18,295769.7,2.63E+09,893324
1.59E+12,03-05-2020 0:00,BTC/USDT,8975.18,9200,8727.24,8900,451322.7,4.05E+09,1308158
1.59E+12,04-05-2020 0:00,BTC/USDT,8899.99,8954.94,8526,8873.98,440135.3,3.85E+09,1272135
1.59E+12,05-05-2020 0:00,BTC/USDT,8873.99,9118.17,8766.12,9022.78,409920.1,3.66E+09,1172631
1.59E+12,06-05-2020 0:00,BTC/USDT,9022.76,9405,8916.01,9148.27,507753.8,4.66E+09,1337479
1.59E+12,07-05-2020 0:00,BTC/USDT,9148.29,10080,9022,9995,738920.2,7.08E+09,2004469
1.59E+12,08-05-2020 0:00,BTC/USDT,9994.74,10045.03,9726,9807.49,458034.2,4.54E+09,1342120
1.59E+12,09-05-2020 0:00,BTC/USDT,9809.63,9923.98,9528.23,9550.67,411942,4.00E+09,1189983
1.59E+12,10-05-2020 0:00,BTC/USDT,9550.25,9580,7940,8719.53,842909,7.30E+09,2157408
1.59E+12,11-05-2020 0:00,BTC/USDT,8723.23,9164,8151.12,8561.09,805165,7.00E+09,2107410
1.59E+12,12-05-2020 0:00,BTC/USDT,8560.73,8981,8520.43,8808.71,369716,3.25E+09,1104068
1.59E+12,13-05-2020 00:00,BTC/USDT,8808.71,9397,8790.04,9305.91,379719,3.45E+09,1154539
1.59E+12,14-05-2020 00:00,BTC/USDT,9305.91,9950,9250.66,9786.8,602528.4,5.80E+09,1596856
1.59E+12,15-05-2020 00:00,BTC/USDT,9787.62,9843.5,9100,9310.73,504107.1,4.78E+09,1399261
1.59E+12,16-05-2020 00:00,BTC/USDT,9311.21,9585,9210.03,9374.99,287768.2,2.71E+09,918028
1.59E+12,17-05-2020 00:00,BTC/USDT,9374.99,9880,9317.16,9678.57,300859.3,2.90E+09,973266
1.59E+12,18-05-2020 00:00,BTC/USDT,9677.31,9958.67,9450,9731.1,363732.4,3.53E+09,1065425
1.59E+12,19-05-2020 00:00,BTC/USDT,9731.11,9900,9462,9773.64,376313.8,3.64E+09,1062705
1.59E+12,20-05-2020 00:00,BTC/USDT,9772.66,9838,9281.42,9508.11,334423.6,3.22E+09,920679
1.59E+12,21-05-2020 00:00,BTC/USDT,9508,9573,8812.2,9060,461439.2,4.24E+09,1286185
1.59E+12,22-05-2020 00:00,BTC/USDT,9060,9259.38,8920,9166.4,276008.1,2.52E+09,772928
1.59E+12,23-05-2020 00:00,BTC/USDT,9166.43,9300,9076.9,9176.41,201589.7,1.85E+09,582528
1.59E+12,24-05-2020 00:00,BTC/USDT,9176.32,9294.44,8674,8711.37,339643.4,3.07E+09,872058
1.59E+12,25-05-2020 00:00,BTC/USDT,8711.37,8977,8623.38,8895.65,302980.1,2.67E+09,775095
1.59E+12,26-05-2020 00:00,BTC/USDT,8895.66,9011.82,8693.18,8837.05,275619.2,2.44E+09,736181
1.59E+12,27-05-2020 00:00,BTC/USDT,8837.88,9230,8811,9197.32,272254,2.47E+09,700725
1.59E+12,28-05-2020 00:00,BTC/USDT,9197.32,9621.65,9110.97,9569.59,327412.4,3.06E+09,801469
1.59E+12,29-05-2020 00:00,BTC/USDT,9569.58,9598,9317.42,9422.26,238691.3,2.26E+09,627717
1.59E+12,30-05-2020 00:00,BTC/USDT,9422.11,9753,9326.01,9695,255234.1,2.43E+09,691896
1.59E+12,31-05-2020 00:00,BTC/USDT,9694.38,9698,9371.76,9446.43,219829.4,2.10E+09,676486
1.59E+12,01-06-2020 0:00,BTC/USDT,9446.49,10497.25,9420.85,10232.48,333740.5,3.27E+09,922467
1.59E+12,02-06-2020 0:00,BTC/USDT,10232.41,10262.3,9264.15,9514.9,354168.5,3.46E+09,939395
1.59E+12,03-06-2020 0:00,BTC/USDT,9514.9,9694.75,9382.33,9663.59,185389.4,1.77E+09,571997
1.59E+12,04-06-2020 0:00,BTC/USDT,9663.58,9884,9440,9788.33,264515.3,2.56E+09,769445
1.59E+12,05-06-2020 0:00,BTC/USDT,9788.32,9855,9580.52,9617.29,237103,2.31E+09,674699
1.59E+12,06-06-2020 0:00,BTC/USDT,9616.64,9738.77,9528,9664,152526.7,1.47E+09,507355
1.59E+12,07-06-2020 0:00,BTC/USDT,9664.01,9823.13,9373,9743.92,253986.3,2.44E+09,695541
1.59E+12,08-06-2020 0:00,BTC/USDT,9743.92,9816,9631,9778.87,162086.4,1.58E+09,474606
1.59E+12,09-06-2020 0:00,BTC/USDT,9778.87,9890,9550.03,9771.66,204422.8,1.99E+09,553812
1.59E+12,10-06-2020 0:00,BTC/USDT,9771.66,10015.99,9681.21,9884.99,193628.1,1.90E+09,551989
1.59E+12,11-06-2020 0:00,BTC/USDT,9884.99,9970.1,9055.07,9278.03,404046.6,3.86E+09,1027558
1.59E+12,12-06-2020 0:00,BTC/USDT,9277.72,9550,9238,9458.91,211611.3,1.99E+09,641434
1.59E+12,13-06-2020 00:00,BTC/USDT,9458.77,9497.85,9340,9468.54,113449.1,1.07E+09,348090
1.59E+12,14-06-2020 00:00,BTC/USDT,9468.55,9477,9240.97,9339.61,143978.5,1.35E+09,422272
1.59E+12,15-06-2020 00:00,BTC/USDT,9339.7,9490.83,8888.43,9422.01,413865.7,3.81E+09,1088825
1.59E+12,16-06-2020 00:00,BTC/USDT,9422.01,9595,9370,9519.12,225713.2,2.14E+09,641488
1.59E+12,17-06-2020 00:00,BTC/USDT,9519.13,9569,9231.03,9458.45,227477.4,2.14E+09,623537
1.59E+12,18-06-2020 00:00,BTC/USDT,9458.45,9483.85,9272.41,9381.59,158349.2,1.49E+09,477815
1.59E+12,19-06-2020 00:00,BTC/USDT,9381.99,9453,9239,9307,219510.1,2.05E+09,588538
1.59E+12,20-06-2020 00:00,BTC/USDT,9307,9394.29,9165,9354.04,154462.3,1.44E+09,425349
1.59E+12,21-06-2020 00:00,BTC/USDT,9353.84,9420.47,9279,9293.51,110599.6,1.03E+09,316619
1.59E+12,22-06-2020 00:00,BTC/USDT,9293.39,9795,9273,9686.99,260561.6,2.48E+09,634767
1.59E+12,23-06-2020 00:00,BTC/USDT,9686.99,9723.23,9585,9631.66,164673.5,1.59E+09,432869
1.59E+12,24-06-2020 00:00,BTC/USDT,9631.65,9678,9210,9298.4,300450.3,2.83E+09,748649
1.59E+12,25-06-2020 00:00,BTC/USDT,9298.78,9350.9,9005,9246.75,272566.5,2.51E+09,724717
1.59E+12,26-06-2020 00:00,BTC/USDT,9246.75,9297.16,9038.52,9159.99,249348.7,2.29E+09,682581
1.59E+12,27-06-2020 00:00,BTC/USDT,9159.99,9195.75,8816.4,9008,237840.2,2.15E+09,635966
1.59E+12,28-06-2020 00:00,BTC/USDT,9008,9188,8932.68,9114,153842.9,1.40E+09,480457
1.59E+12,29-06-2020 00:00,BTC/USDT,9114.01,9233,9022,9189.48,176660.5,1.61E+09,513754
1.59E+12,30-06-2020 00:00,BTC/USDT,9189.99,9205,9063.97,9138.87,143469.8,1.31E+09,418034
1.59E+12,01-07-2020 0:00,BTC/USDT,9138.88,9293,9090,9233.29,161642.2,1.49E+09,446516
1.59E+12,02-07-2020 0:00,BTC/USDT,9233.29,9262.99,8936,9087.72,230747.5,2.11E+09,649904
1.59E+12,03-07-2020 0:00,BTC/USDT,9087.72,9124.52,9036.06,9057.52,96947.34,8.81E+08,334878
1.59E+12,04-07-2020 0:00,BTC/USDT,9058.07,9194,9042.84,9137.18,100215.4,9.13E+08,300402
1.59E+12,05-07-2020 0:00,BTC/USDT,9137.18,9146.35,8900,9071.86,139545.6,1.26E+09,424855
1.59E+12,06-07-2020 0:00,BTC/USDT,9071.87,9379,9058.1,9339.6,199643.8,1.84E+09,543847
1.59E+12,07-07-2020 0:00,BTC/USDT,9339.59,9380,9201.23,9258.51,127834,1.18E+09,405928
1.59E+12,08-07-2020 0:00,BTC/USDT,9258.51,9470,9233.47,9436.08,170243,1.59E+09,503111
1.59E+12,09-07-2020 0:00,BTC/USDT,9436.08,9440.81,9164.33,9236.28,188355.9,1.75E+09,526694
1.59E+12,10-07-2020 0:00,BTC/USDT,9236.29,9317.24,9121.42,9288.39,140849.9,1.30E+09,418173
1.59E+12,11-07-2020 0:00,BTC/USDT,9288.39,9301.74,9178.91,9233.5,74976.52,6.92E+08,268041
1.59E+12,12-07-2020 0:00,BTC/USDT,9233.5,9349,9155,9300.69,127841.9,1.18E+09,369869
1.59E+12,13-07-2020 00:00,BTC/USDT,9300.7,9345,9200,9241.2,136117.7,1.26E+09,407784
1.59E+12,14-07-2020 00:00,BTC/USDT,9241.18,9279,9116,9254.17,129704.3,1.19E+09,381121
1.59E+12,15-07-2020 00:00,BTC/USDT,9254.17,9272.56,9156,9197.3,104107.7,9.60E+08,307679
1.59E+12,16-07-2020 00:00,BTC/USDT,9197.75,9223,9044.02,9132,148089.5,1.35E+09,402299
1.59E+12,17-07-2020 00:00,BTC/USDT,9132,9187,9087,9151.69,80940.58,7.40E+08,244169
1.60E+12,18-07-2020 00:00,BTC/USDT,9151.7,9210,9121.98,9171.8,63233.6,5.80E+08,206354
1.60E+12,19-07-2020 00:00,BTC/USDT,9171.79,9239.59,9108,9210.51,75554.58,6.92E+08,243001
1.60E+12,20-07-2020 00:00,BTC/USDT,9210.68,9221,9131.01,9161.13,72429.69,6.64E+08,245657
1.60E+12,21-07-2020 00:00,BTC/USDT,9161.28,9439.6,9152.62,9388.01,179211.3,1.67E+09,515483
1.60E+12,22-07-2020 00:00,BTC/USDT,9388,9543,9272,9518.25,126598.9,1.19E+09,417994
1.60E+12,23-07-2020 00:00,BTC/USDT,9518.25,9678.32,9439.86,9604.41,166990.1,1.59E+09,566970
1.60E+12,24-07-2020 00:00,BTC/USDT,9604.41,9650,9470,9539.7,133975.1,1.28E+09,531836
1.60E+12,25-07-2020 00:00,BTC/USDT,9539.7,9735.1,9526.31,9701.49,133377.6,1.28E+09,517523
1.60E+12,26-07-2020 00:00,BTC/USDT,9701.54,10300,9655.2,9939.69,261998.8,2.60E+09,811567
1.60E+12,27-07-2020 00:00,BTC/USDT,9939.68,11488,9928.61,11047.58,744752.4,7.89E+09,2085818
1.60E+12,28-07-2020 00:00,BTC/USDT,11047.58,11270,10580,10919.94,499486.7,5.48E+09,1527878
1.60E+12,29-07-2020 00:00,BTC/USDT,10919.94,11364.8,10844.34,11113.03,356188.8,3.97E+09,1016186
1.60E+12,30-07-2020 00:00,BTC/USDT,11113.01,11195.52,10826.55,11111.96,230328,2.54E+09,705335
1.60E+12,31-07-2020 00:00,BTC/USDT,11111.97,11450.42,10971.78,11343.68,307399.7,3.46E+09,843301
1.60E+12,01-08-2020 0:00,BTC/USDT,11343.67,11887.45,11201,11811.42,386322.6,4.49E+09,1058421
1.60E+12,02-08-2020 0:00,BTC/USDT,11811.43,12154.25,10490,11079.72,492803.4,5.58E+09,1353476
1.60E+12,03-08-2020 0:00,BTC/USDT,11080.7,11483,10923,11227.07,238654.6,2.69E+09,698614
1.60E+12,04-08-2020 0:00,BTC/USDT,11227.07,11427.38,11025,11200.05,200044.9,2.25E+09,628935
1.60E+12,05-08-2020 0:00,BTC/USDT,11200.06,11798.56,11103,11752.5,263510,3.04E+09,770746
1.60E+12,06-08-2020 0:00,BTC/USDT,11752.5,11916.02,11571.78,11770.56,236459.6,2.78E+09,701917
1.60E+12,07-08-2020 0:00,BTC/USDT,11769.97,11920,11318.93,11596.06,273935.1,3.19E+09,861575
1.60E+12,08-08-2020 0:00,BTC/USDT,11596.26,11819,11513.69,11765.72,154707.3,1.81E+09,578295
1.60E+12,09-08-2020 0:00,BTC/USDT,11765.72,11811,11526.9,11685.99,125463.5,1.46E+09,506961
1.60E+12,10-08-2020 0:00,BTC/USDT,11685.99,12100,11384.9,11896.89,290418,3.45E+09,911232
1.60E+12,11-08-2020 0:00,BTC/USDT,11896.86,11944,11127,11392.64,336861.6,3.88E+09,1084362
1.60E+12,12-08-2020 0:00,BTC/USDT,11392.64,11630,11140,11568.36,213799.5,2.45E+09,757273
1.60E+12,13-08-2020 00:00,BTC/USDT,11568.37,11798,11272,11790,248214.7,2.87E+09,885018
1.60E+12,14-08-2020 00:00,BTC/USDT,11790,11868.42,11644.6,11767.89,159020,1.87E+09,584032
1.60E+12,15-08-2020 00:00,BTC/USDT,11767.89,11993.58,11682,11859.04,222263,2.64E+09,785891
1.60E+12,16-08-2020 00:00,BTC/USDT,11858.91,11945,11688,11921.23,165733.7,1.96E+09,639729
1.60E+12,17-08-2020 00:00,BTC/USDT,11921.32,12499.42,11780,12298.06,331435.1,4.03E+09,1161367
1.60E+12,18-08-2020 00:00,BTC/USDT,12298.06,12403,11810,11960.79,291349.9,3.53E+09,981973
1.60E+12,19-08-2020 00:00,BTC/USDT,11962.03,12037.05,11574.78,11763.87,313267.1,3.69E+09,1046341
1.60E+12,20-08-2020 00:00,BTC/USDT,11763.88,11888,11676.03,11857.92,130981,1.54E+09,543754
1.60E+12,21-08-2020 00:00,BTC/USDT,11858.53,11882.68,11491,11538.53,195106.5,2.28E+09,736783
1.60E+12,22-08-2020 00:00,BTC/USDT,11538.53,11689.08,11385.06,11670.47,126696.7,1.46E+09,523937
1.60E+12,23-08-2020 00:00,BTC/USDT,11670.48,11724,11522.15,11654,95608.03,1.11E+09,435619
1.60E+12,24-08-2020 00:00,BTC/USDT,11654,11831.96,11595,11753.3,108781.1,1.28E+09,483641
1.60E+12,25-08-2020 00:00,BTC/USDT,11753.29,11770,11130,11327.17,267234.8,3.06E+09,857056
1.60E+12,26-08-2020 00:00,BTC/USDT,11327.18,11548.68,11255.95,11466.22,170305,1.94E+09,589715
1.60E+12,27-08-2020 00:00,BTC/USDT,11466.22,11593,11130.82,11335.53,253778.3,2.88E+09,836864
1.60E+12,28-08-2020 00:00,BTC/USDT,11335.83,11544.88,11283.19,11526.85,129477.6,1.48E+09,540434
1.60E+12,29-08-2020 00:00,BTC/USDT,11526.85,11582,11419.34,11466.66,83715.23,9.63E+08,363971
1.60E+12,30-08-2020 00:00,BTC/USDT,11466.27,11724.12,11457.88,11714.14,113266.7,1.32E+09,432138
1.60E+12,31-08-2020 00:00,BTC/USDT,11714.13,11784.21,11575.78,11658.11,127272.4,1.49E+09,479728
1.60E+12,01-09-2020 0:00,BTC/USDT,11658.11,12061.07,11531.34,11930.18,211680.8,2.51E+09,688502
1.60E+12,02-09-2020 0:00,BTC/USDT,11930.17,11961,11156,11396.96,280412,3.23E+09,905753
1.60E+12,03-09-2020 0:00,BTC/USDT,11396.44,11475,9901.16,10141.08,487812.7,5.28E+09,1372974
1.60E+12,04-09-2020 0:00,BTC/USDT,10141.4,10635.77,9878.65,10448,432563.8,4.47E+09,1249839
1.60E+12,05-09-2020 0:00,BTC/USDT,10448,10567.87,9808.58,10168.71,399307.3,4.07E+09,1315104
1.60E+12,06-09-2020 0:00,BTC/USDT,10168.23,10348.97,10003,10258.13,190207.7,1.94E+09,771859
1.60E+12,07-09-2020 0:00,BTC/USDT,10258.13,10420.55,9879.68,10378.76,258476.9,2.62E+09,969133
1.60E+12,08-09-2020 0:00,BTC/USDT,10379.3,10443.79,9842.01,10129.02,317802.3,3.21E+09,1173460
1.60E+12,09-09-2020 0:00,BTC/USDT,10130,10346,9981.13,10219.29,151222.7,1.54E+09,640882
1.60E+12,10-09-2020 0:00,BTC/USDT,10219.29,10484.6,10211.67,10335.91,187667.9,1.94E+09,688022
1.60E+12,11-09-2020 0:00,BTC/USDT,10335.91,10397.85,10200.8,10387.81,135929.3,1.40E+09,541085
1.60E+12,12-09-2020 0:00,BTC/USDT,10387.81,10477.7,10271,10438.28,97429.04,1.01E+09,438259
1.60E+12,13-09-2020 00:00,BTC/USDT,10438.29,10580,10209.01,10327.72,159021.8,1.65E+09,556241
1.60E+12,14-09-2020 00:00,BTC/USDT,10327.72,10746.06,10241.57,10664.1,205260.2,2.16E+09,713135
1.60E+12,15-09-2020 00:00,BTC/USDT,10664.1,10923.42,10592,10776.78,247657.2,2.67E+09,786180
1.60E+12,16-09-2020 00:00,BTC/USDT,10776.88,11089.08,10661.9,10948.17,252881,2.76E+09,840472
1.60E+12,17-09-2020 00:00,BTC/USDT,10948.16,11040,10740,10935.33,186484.4,2.03E+09,658642
1.60E+12,18-09-2020 00:00,BTC/USDT,10935.97,11035,10810.1,10926.29,136028.4,1.48E+09,548421
1.60E+12,19-09-2020 00:00,BTC/USDT,10926.3,11177,10880,11073.74,126239.2,1.39E+09,537084
1.60E+12,20-09-2020 00:00,BTC/USDT,11073.2,11073.9,10751,10914.28,150450.6,1.64E+09,556991
1.60E+12,21-09-2020 00:00,BTC/USDT,10915.52,10980.69,10281,10414.73,333047.1,3.53E+09,1017541
1.60E+12,22-09-2020 00:00,BTC/USDT,10414.73,10574.08,10353.1,10523.32,179900.7,1.88E+09,628666
1.60E+12,23-09-2020 00:00,BTC/USDT,10523.32,10531.94,10132.21,10237.91,203027.5,2.11E+09,718731
1.60E+12,24-09-2020 00:00,BTC/USDT,10237.91,10837.27,10191,10724.92,241646.6,2.54E+09,849084
1.60E+12,25-09-2020 00:00,BTC/USDT,10724.91,10754.29,10551.56,10683.51,170930.8,1.82E+09,658581
1.60E+12,26-09-2020 00:00,BTC/USDT,10683.5,10827.8,10642.23,10726.5,109340.5,1.17E+09,553316
1.60E+12,27-09-2020 00:00,BTC/USDT,10726.5,10793.5,10584,10768,123440.7,1.32E+09,540964
1.60E+12,28-09-2020 00:00,BTC/USDT,10768,11024,10627.19,10691.45,187105.4,2.03E+09,652011
1.60E+12,29-09-2020 00:00,BTC/USDT,10691.94,10863.94,10631.49,10836.98,146888.3,1.58E+09,560608
1.60E+12,30-09-2020 00:00,BTC/USDT,10836.99,10845.99,10660.05,10773,132834.1,1.43E+09,527339
1.60E+12,01-10-2020 0:00,BTC/USDT,10773,10935.14,10442,10612.63,253619.6,2.71E+09,794540
1.60E+12,02-10-2020 0:00,BTC/USDT,10612.62,10660,10371.03,10565.15,224747,2.36E+09,764820
1.60E+12,03-10-2020 0:00,BTC/USDT,10565.44,10596,10491.11,10537.96,76315.91,8.04E+08,434460
1.60E+12,04-10-2020 0:00,BTC/USDT,10537.96,10694,10514,10660.16,90912.11,9.64E+08,492034
1.60E+12,05-10-2020 0:00,BTC/USDT,10660.16,10792,10608.9,10785,130589.1,1.40E+09,593867
1.60E+12,06-10-2020 0:00,BTC/USDT,10784.99,10792,10510.66,10593.65,184895.3,1.97E+09,699471
1.60E+12,07-10-2020 0:00,BTC/USDT,10593.65,10675,10540.29,10658.75,106700.5,1.13E+09,502888
1.60E+12,08-10-2020 0:00,BTC/USDT,10658.75,10958,10523,10919.45,207938.9,2.24E+09,754390
1.60E+12,09-10-2020 0:00,BTC/USDT,10919.45,11110,10818.44,11050.47,154336.8,1.70E+09,640685
1.60E+12,10-10-2020 0:00,BTC/USDT,11050.46,11494,11050.46,11294.79,199398,2.26E+09,731572
1.60E+12,11-10-2020 0:00,BTC/USDT,11294.78,11450.73,11273.77,11369.59,146323.1,1.66E+09,587941
1.60E+12,12-10-2020 0:00,BTC/USDT,11369.59,11732,11157,11530.36,254217.2,2.91E+09,781051
1.60E+12,13-10-2020 00:00,BTC/USDT,11530.37,11562,11308,11419.36,199115.1,2.28E+09,693780
1.60E+12,14-10-2020 00:00,BTC/USDT,11419.36,11550,11280.5,11417.13,192937,2.20E+09,694620
1.60E+12,15-10-2020 00:00,BTC/USDT,11417.12,11649.48,11250,11502,215260.4,2.46E+09,768321
1.60E+12,16-10-2020 00:00,BTC/USDT,11502,11538.92,11175,11318.92,212339.1,2.41E+09,725825
1.60E+12,17-10-2020 00:00,BTC/USDT,11319.51,11424.09,11250,11356.25,95892.97,1.09E+09,459443
1.60E+12,18-10-2020 00:00,BTC/USDT,11356.25,11529.93,11342.54,11501.1,92472.19,1.06E+09,444193
1.60E+12,19-10-2020 00:00,BTC/USDT,11501.5,11830,11404.01,11745,230161.6,2.68E+09,770332
1.60E+12,20-10-2020 00:00,BTC/USDT,11744.99,12045.78,11673,11900.03,312811.8,3.71E+09,1059398
1.60E+12,21-10-2020 00:00,BTC/USDT,11900.03,13240,11876,12796.07,591963.1,7.44E+09,1870576
1.60E+12,22-10-2020 00:00,BTC/USDT,12796.06,13188.27,12675.5,12968.87,343851.7,4.45E+09,1232587
1.60E+12,23-10-2020 00:00,BTC/USDT,12970.39,13043,12725.04,12925.82,237042.5,3.06E+09,897416
1.60E+12,24-10-2020 00:00,BTC/USDT,12925.82,13177.59,12871.07,13110.88,176146.6,2.30E+09,801400
1.60E+12,25-10-2020 00:00,BTC/USDT,13110.88,13369,12715,13023.81,206012.7,2.69E+09,889235
1.60E+12,26-10-2020 00:00,BTC/USDT,13024.21,13240,12729,13047.24,316503.3,4.12E+09,1105825
1.60E+12,27-10-2020 00:00,BTC/USDT,13047.24,13787.83,13041.3,13629.38,411509.5,5.53E+09,1299183
1.60E+12,28-10-2020 00:00,BTC/USDT,13629.89,13863,12876,13256.17,476993.8,6.38E+09,1564676
1.60E+12,29-10-2020 00:00,BTC/USDT,13255.79,13637.22,12965,13446.65,355352.3,4.74E+09,1247634
1.60E+12,30-10-2020 00:00,BTC/USDT,13446.65,13665.65,13100,13549.12,349890.6,4.68E+09,1245765
1.60E+12,31-10-2020 00:00,BTC/USDT,13549.12,14140,13403.36,13783.73,357853.2,4.92E+09,1344037
1.60E+12,01-11-2020 0:00,BTC/USDT,13783.73,13891.52,13605.9,13752.86,198395.2,2.73E+09,885249
1.60E+12,02-11-2020 0:00,BTC/USDT,13752.87,13823.75,13195,13540.54,327991.8,4.43E+09,1222326
1.60E+12,03-11-2020 0:00,BTC/USDT,13541.55,14070,13276.33,14016.55,348730.5,4.75E+09,1303446
1.60E+12,04-11-2020 0:00,BTC/USDT,14016.55,14280,13512,14134.31,451433.4,6.27E+09,1677175
1.60E+12,05-11-2020 0:00,BTC/USDT,14134.32,15777,14088.01,15598.75,717489.7,1.07E+10,2418730
1.60E+12,06-11-2020 0:00,BTC/USDT,15598.74,15984.2,15177,15590.96,559380.1,8.72E+09,2067927
1.60E+12,07-11-2020 0:00,BTC/USDT,15590.95,15774,14350,14824.34,457582.7,6.92E+09,1783469
1.60E+12,08-11-2020 0:00,BTC/USDT,14824.33,15678,14710,15473.2,290616.4,4.43E+09,1188596
1.60E+12,09-11-2020 0:00,BTC/USDT,15473.2,15869,14822,15328.72,474182,7.27E+09,1801578
1.60E+12,10-11-2020 0:00,BTC/USDT,15328.72,15474.17,15071,15294.68,244073.5,3.73E+09,1109192
1.61E+12,11-11-2020 0:00,BTC/USDT,15294.68,16000,15274.89,15690.24,330772.9,5.18E+09,1387218
1.61E+12,12-11-2020 0:00,BTC/USDT,15690.24,16345,15437.7,16289.02,471759.1,7.52E+09,1927371
1.61E+12,13-11-2020 00:00,BTC/USDT,16289.01,16479.99,15955.6,16320.54,306656.4,4.98E+09,1405591
1.61E+12,14-11-2020 00:00,BTC/USDT,16320.54,16326.82,15700,16064.51,266206.9,4.25E+09,1235238
1.61E+12,15-11-2020 00:00,BTC/USDT,16064.51,16161.23,15768,15952.27,210318.5,3.36E+09,1160914
1.61E+12,16-11-2020 00:00,BTC/USDT,15951.93,16882,15862,16707.07,342459.3,5.63E+09,1452989
1.61E+12,17-11-2020 00:00,BTC/USDT,16707,17890.1,16550,17670.01,524094.7,9.05E+09,2012288
1.61E+12,18-11-2020 00:00,BTC/USDT,17670.01,18520,17215.03,17788.32,732937.1,1.31E+10,2750334
1.61E+12,19-11-2020 00:00,BTC/USDT,17788.32,18200,17347.27,17811.68,406501,7.24E+09,1642647
1.61E+12,20-11-2020 00:00,BTC/USDT,17811.68,18831.6,17748.92,18664.31,407926.8,7.50E+09,1699255
1.61E+12,21-11-2020 00:00,BTC/USDT,18662.85,18986,18302.08,18721.99,342412.5,6.41E+09,1467289
1.61E+12,22-11-2020 00:00,BTC/USDT,18721.99,18780,17645.98,18435.2,373779.4,6.86E+09,1611056
1.61E+12,23-11-2020 00:00,BTC/USDT,18434.17,18812.65,18013.97,18382.07,364221.4,6.72E+09,1558298
1.61E+12,24-11-2020 00:00,BTC/USDT,18382.07,19440,18000,19179.64,477968.3,9.04E+09,2009567
1.61E+12,25-11-2020 00:00,BTC/USDT,19178.53,19554.19,18509.12,18741.67,426277,8.12E+09,1821978
1.61E+12,26-11-2020 00:00,BTC/USDT,18741.66,18940.69,16181,17155.34,850692.9,1.47E+10,3571835
1.61E+12,27-11-2020 00:00,BTC/USDT,17155.37,17465,16444.83,17144.1,398072.9,6.75E+09,1639548
1.61E+12,28-11-2020 00:00,BTC/USDT,17144.11,17880,16865.78,17717.74,268833.7,4.67E+09,1129925
1.61E+12,29-11-2020 00:00,BTC/USDT,17717.74,18343,17523,18181.09,256024,4.61E+09,1125785
1.61E+12,30-11-2020 00:00,BTC/USDT,18180.43,19944,18178.82,19720,500482.6,9.57E+09,2089768
1.61E+12,01-12-2020 0:00,BTC/USDT,19722.09,19956,18050,18772.7,553885.3,1.06E+10,2558348
1.61E+12,02-12-2020 0:00,BTC/USDT,18770.33,19365,18329.58,19207.01,335717.5,6.35E+09,1606530
1.61E+12,03-12-2020 0:00,BTC/USDT,19207.01,19640,18865,19434.3,245020.6,4.72E+09,1272309
1.61E+12,04-12-2020 0:00,BTC/USDT,19432.66,19537.16,18570,18664.2,276271.9,5.26E+09,1376095
1.61E+12,05-12-2020 0:00,BTC/USDT,18662.72,19203.46,18510,19147.62,165912.6,3.15E+09,946103
1.61E+12,06-12-2020 0:00,BTC/USDT,19147.63,19449.1,18855.35,19375.02,176004.6,3.37E+09,943780
1.61E+12,07-12-2020 0:00,BTC/USDT,19375,19446.36,18908.66,19172.88,169402.4,3.25E+09,926894
1.61E+12,08-12-2020 0:00,BTC/USDT,19172.87,19319.38,18133.33,18319.32,280714.1,5.28E+09,1351027
1.61E+12,09-12-2020 0:00,BTC/USDT,18319.33,18639.7,17650,18537.98,353123.7,6.42E+09,1673883
1.61E+12,10-12-2020 0:00,BTC/USDT,18537.97,18550,17916,18253.51,233960.2,4.27E+09,1241586
1.61E+12,11-12-2020 0:00,BTC/USDT,18254,18290.44,17555,18031.47,317866.1,5.69E+09,1563578
1.61E+12,12-12-2020 0:00,BTC/USDT,18031.71,18950,18012.21,18800,196962.3,3.64E+09,1080853
1.61E+12,13-12-2020 00:00,BTC/USDT,18800,19432,18705.46,19175.07,239760.1,4.59E+09,1182585
1.61E+12,14-12-2020 00:00,BTC/USDT,19175.06,19355.35,19004.72,19270.7,181555.8,3.48E+09,1063827
1.61E+12,15-12-2020 00:00,BTC/USDT,19270.71,19598,19039.64,19424.91,248744.1,4.81E+09,1313847
1.61E+12,16-12-2020 00:00,BTC/USDT,19424.9,21600,19274.55,21346.8,459302,9.36E+09,2298208
1.61E+12,17-12-2020 00:00,BTC/USDT,21346.81,23888.04,21231.5,22816.99,823435.8,1.87E+10,4179029
1.61E+12,18-12-2020 00:00,BTC/USDT,22816.99,23330,22363.94,23124.35,305997.2,7.00E+09,1812455
1.61E+12,19-12-2020 00:00,BTC/USDT,23124.35,24281.61,22735.81,23847.28,337535.4,7.94E+09,1930474
1.61E+12,20-12-2020 00:00,BTC/USDT,23847.28,24376,23076.25,23472.96,322289.8,7.61E+09,1951223
1.61E+12,21-12-2020 00:00,BTC/USDT,23472.96,24145,21920,22730.1,476456.6,1.10E+10,2612726
1.61E+12,22-12-2020 00:00,BTC/USDT,22736.05,23850,22387,23826.99,326124.3,7.53E+09,1923785
1.61E+12,23-12-2020 00:00,BTC/USDT,23826.74,24235.42,22572.52,23238.27,394754.9,9.28E+09,2386530
1.61E+12,24-12-2020 00:00,BTC/USDT,23237.73,23819.81,22700,23737.44,237754.3,5.52E+09,1532684
1.61E+12,25-12-2020 00:00,BTC/USDT,23738.75,24827.64,23450,24730,284523.4,6.87E+09,1821407
1.61E+12,26-12-2020 00:00,BTC/USDT,24729.99,26926,24507.24,26508.83,367265.6,9.38E+09,2300815
1.61E+12,27-12-2020 00:00,BTC/USDT,26508.84,28459.84,25850,26305.64,540264.1,1.47E+10,3325654
1.61E+12,28-12-2020 00:00,BTC/USDT,26301.76,27538.82,26117.1,27102.66,267563.5,7.22E+09,1946973
1.61E+12,29-12-2020 00:00,BTC/USDT,27101.45,27441.73,25913.01,27402.83,260759.4,6.96E+09,1833178
1.61E+12,30-12-2020 00:00,BTC/USDT,27402.83,29063.72,27401,28906.99,374737.7,1.06E+10,2363568
1.61E+12,31-12-2020 00:00,BTC/USDT,28906.99,29376.7,27848,28951.68,313648.8,9.03E+09,2151517
1.61E+12,01-01-2021 0:00,BTC/USDT,28948.19,29668.86,28627.12,29337.16,210716.4,6.16E+09,1511793
1.61E+12,02-01-2021 0:00,BTC/USDT,29337.15,33480,28958.24,32199.91,545541.1,1.71E+10,3514545
1.61E+12,03-01-2021 0:00,BTC/USDT,32198.41,34832.25,32000.02,33054.53,487487,1.64E+10,3325307
1.61E+12,04-01-2021 0:00,BTC/USDT,33053.93,33653.56,27800,32031.07,506128,1.59E+10,3470951
1.61E+12,05-01-2021 0:00,BTC/USDT,32029.55,34500,29900,33999.52,433720.8,1.40E+10,3077140
1.61E+12,06-01-2021 0:00,BTC/USDT,33999.51,37037.51,33356.46,36823.68,444019.8,1.55E+10,3343780
1.61E+12,07-01-2021 0:00,BTC/USDT,36825.77,40565.62,36337.36,39498.92,520147.9,2.00E+10,3936708
1.61E+12,08-01-2021 0:00,BTC/USDT,39498.32,42125.51,36539.77,40637.23,518080.8,2.07E+10,4247011
1.61E+12,09-01-2021 0:00,BTC/USDT,40638.91,41539.88,38733.28,40136.04,260882.8,1.05E+10,2489926
1.61E+12,10-01-2021 0:00,BTC/USDT,40136.05,41412.12,35268,38221.67,436759,1.70E+10,3699058
1.61E+12,11-01-2021 0:00,BTC/USDT,38200.01,38322.18,30448,35408.46,906275.7,3.07E+10,7483656
1.61E+12,12-01-2021 0:00,BTC/USDT,35406.92,36693.44,32600,34056.9,449065.7,1.56E+10,4292644
1.61E+12,13-01-2021 00:00,BTC/USDT,34065.53,37880,32420,37421.07,398188.1,1.38E+10,3801367
1.61E+12,14-01-2021 00:00,BTC/USDT,37416.34,40189.39,36764.33,39163.31,353142.4,1.37E+10,3501513
1.61E+12,15-01-2021 00:00,BTC/USDT,39163.31,39790,34478,36755.24,437610.1,1.61E+10,4212641
1.61E+12,16-01-2021 00:00,BTC/USDT,36755.25,38000,35366,36025.66,301102.5,1.11E+10,3011057
1.61E+12,17-01-2021 00:00,BTC/USDT,36025.65,36898,33863.5,35869.83,287686.1,1.02E+10,2832554
1.61E+12,18-01-2021 00:00,BTC/USDT,35875.72,37547.94,34808.47,36686.86,253386.7,9.17E+09,2509593
1.61E+12,19-01-2021 00:00,BTC/USDT,36690,37961,35850,35891.03,257889.4,9.53E+09,2463060
1.61E+12,20-01-2021 00:00,BTC/USDT,35891.74,36461.44,33403,35500,329192.4,1.15E+10,3069181
1.61E+12,21-01-2021 00:00,BTC/USDT,35499.23,35636.17,30069.9,30879.97,550562.3,1.79E+10,4767974
1.61E+12,22-01-2021 00:00,BTC/USDT,30875.77,33831.52,28880,32986.34,453568.5,1.43E+10,4072699
1.61E+12,23-01-2021 00:00,BTC/USDT,32990.08,33495,31405,32086.48,256776.4,8.30E+09,2533905
1.61E+12,24-01-2021 00:00,BTC/USDT,32086.48,33125.75,30914.2,32275.63,212107,6.82E+09,2205550
1.61E+12,25-01-2021 00:00,BTC/USDT,32274.88,34880,31921.47,32253.68,316687.5,1.06E+10,2871028
1.61E+12,26-01-2021 00:00,BTC/USDT,32253.68,32950,30810,32474.14,346861.7,1.11E+10,3088089
1.61E+12,27-01-2021 00:00,BTC/USDT,32474.81,32562.2,29240,30381.04,431022.8,1.33E+10,3665833
1.61E+12,28-01-2021 00:00,BTC/USDT,30382.96,33778.95,29843.33,33399.75,311528.4,9.91E+09,2824829
1.61E+12,29-01-2021 00:00,BTC/USDT,33399.99,38641.1,31960,34269.35,713579.8,2.53E+10,5920737
1.61E+12,30-01-2021 00:00,BTC/USDT,34267.04,34988.88,32849.06,34289.85,267861.9,9.11E+09,2754794
1.61E+12,31-01-2021 00:00,BTC/USDT,34284.76,34393.22,32193.04,33126.21,211293.9,7.05E+09,2233259
1.61E+12,01-02-2021 0:00,BTC/USDT,33125.11,34720,32322.47,33546.09,240632.3,8.12E+09,2421173
1.61E+12,02-02-2021 0:00,BTC/USDT,33546.08,36041,33450,35504.06,239856.2,8.36E+09,2345193
1.61E+12,03-02-2021 0:00,BTC/USDT,35504.07,37700,35410,37652.51,240308.1,8.79E+09,2331826
1.61E+12,04-02-2021 0:00,BTC/USDT,37651.92,38833,36233,36976.93,306715,1.15E+10,2825262
1.61E+12,05-02-2021 0:00,BTC/USDT,36975.19,38411.82,36586.68,38362.65,196277.4,7.40E+09,2144343
1.61E+12,06-02-2021 0:00,BTC/USDT,38357.17,40992.4,38269,39249.54,310826.3,1.24E+10,3050313
1.61E+12,07-02-2021 0:00,BTC/USDT,39249.53,39757.87,37403.27,38849.25,296721.9,1.15E+10,2896234
1.61E+12,08-02-2021 0:00,BTC/USDT,38849.24,47146,38037,46451.32,440167.1,1.88E+10,4374347
1.61E+12,09-02-2021 0:00,BTC/USDT,46451.32,48266.36,45057.65,46492.54,381477.4,1.78E+10,3957333
1.61E+12,10-02-2021 0:00,BTC/USDT,46492.53,47475,43770,44850,334979,1.53E+10,3259151
1.61E+12,11-02-2021 0:00,BTC/USDT,44850,48810,44038.97,48060.21,330540,1.55E+10,3326357
1.61E+12,12-02-2021 0:00,BTC/USDT,48060.21,49278.98,46121,47361.03,259186.3,1.23E+10,2862051
1.61E+12,13-02-2021 00:00,BTC/USDT,47364,48290,46252.1,47221.62,199965.4,9.44E+09,2253613
1.61E+12,14-02-2021 00:00,BTC/USDT,47221.63,49875.16,47093.16,48655.21,241935.7,1.18E+10,2598883
1.61E+12,15-02-2021 00:00,BTC/USDT,48655.21,49100,45349.21,47981.58,248960.4,1.19E+10,2721739
1.61E+12,16-02-2021 00:00,BTC/USDT,47981.6,50953.44,47101.02,49197.94,343592,1.69E+10,3477742
1.61E+12,17-02-2021 00:00,BTC/USDT,49197.93,52800,49029.62,52194.62,312007.5,1.59E+10,3332737
1.61E+12,18-02-2021 00:00,BTC/USDT,52194.62,52640,50948,51619.7,185489.9,9.63E+09,2199927
1.61E+12,19-02-2021 00:00,BTC/USDT,51612.46,56582,50800,56004.1,257911.9,1.38E+10,2913704
1.61E+12,20-02-2021 00:00,BTC/USDT,56005.85,57699,53905,55917.41,240296.3,1.35E+10,2830372
1.61E+12,21-02-2021 00:00,BTC/USDT,55908.45,58472.14,55564.5,57487.43,196820.6,1.13E+10,2277504
1.61E+12,22-02-2021 00:00,BTC/USDT,57475.5,57591.87,47751.42,54121.1,480660.2,2.60E+10,4903878
1.61E+12,23-02-2021 00:00,BTC/USDT,54125.55,54260.12,44893.82,48930,748737.5,3.63E+10,8009736
1.61E+12,24-02-2021 00:00,BTC/USDT,48930.01,51435.58,47000,49702.03,333415.2,1.66E+10,3748411
1.61E+12,25-02-2021 00:00,BTC/USDT,49702.05,52134.96,46685.43,47089.37,349943,1.74E+10,3922104
1.61E+12,26-02-2021 00:00,BTC/USDT,47087.97,48438.01,44100,46313.13,440670.3,2.05E+10,4687978
1.61E+12,27-02-2021 00:00,BTC/USDT,46313.12,48476.05,44926.77,46102.63,256027.1,1.20E+10,2956397
1.61E+12,28-02-2021 00:00,BTC/USDT,46097.09,46678,43002.05,45163.36,370358.8,1.65E+10,4080209
1.61E+12,01-03-2021 0:00,BTC/USDT,45162.64,49800,44972.49,49592.7,315659.9,1.51E+10,3611436
1.61E+12,02-03-2021 0:00,BTC/USDT,49594.99,50221.77,47058.06,48450.57,273100.4,1.33E+10,2970983
1.61E+12,03-03-2021 0:00,BTC/USDT,48454.21,52681.51,48110.66,50373.75,350311.2,1.78E+10,3781970
1.61E+12,04-03-2021 0:00,BTC/USDT,50373.75,51800,47500,48385.77,387429,1.91E+10,4199301
1.61E+12,05-03-2021 0:00,BTC/USDT,48385.77,49470,46320,48770.57,354602.8,1.69E+10,3864290
1.61E+12,06-03-2021 0:00,BTC/USDT,48772.68,49253.63,47090,48908.21,215092.9,1.04E+10,2557063
1.62E+12,07-03-2021 0:00,BTC/USDT,48908.21,51480,48908.21,50995.27,248398.1,1.25E+10,2883079
1.62E+12,08-03-2021 0:00,BTC/USDT,50991.35,52450,49310,52429.43,308339.9,1.57E+10,3279581
1.62E+12,09-03-2021 0:00,BTC/USDT,52429.43,54950,51880,54917.78,285604.8,1.54E+10,3312320
1.62E+12,10-03-2021 0:00,BTC/USDT,54917.78,57500.92,53061,55947.98,401159.5,2.23E+10,4457083
1.62E+12,11-03-2021 0:00,BTC/USDT,55949.3,58283,54356.44,57844.52,364681.3,2.06E+10,4355363
1.62E+12,12-03-2021 0:00,BTC/USDT,57842.64,58186.33,55074.3,57291.03,335495,1.90E+10,4054963
1.62E+12,13-03-2021 00:00,BTC/USDT,57291.04,61950,56136,61267.41,320322.2,1.90E+10,3901445
1.62E+12,14-03-2021 00:00,BTC/USDT,61267.41,61798,59005,59037.12,231991.9,1.40E+10,2783273
1.62E+12,15-03-2021 00:00,BTC/USDT,59037.11,60740,54517.28,55646.61,448820.8,2.57E+10,4839296
1.62E+12,16-03-2021 00:00,BTC/USDT,55646.61,56988,53335,56954.19,339718.2,1.88E+10,4041818
1.62E+12,17-03-2021 00:00,BTC/USDT,56953.23,59078.79,54154.93,58959,339397.7,1.91E+10,3916228
1.62E+12,18-03-2021 00:00,BTC/USDT,58959.01,60510,57072,57700.01,305100,1.79E+10,3505186
1.62E+12,19-03-2021 00:00,BTC/USDT,57700.01,59550,56301.27,58089.11,259039.5,1.51E+10,3136922
1.62E+12,20-03-2021 00:00,BTC/USDT,58089.11,59948,57881,58145.61,203680.1,1.20E+10,2543381
1.62E+12,21-03-2021 00:00,BTC/USDT,58144.44,58638.7,55403.55,57415.18,237518.7,1.36E+10,2940088
1.62E+12,22-03-2021 00:00,BTC/USDT,57415.19,58500,53635.81,54129.56,293062.9,1.66E+10,3557593
1.62E+12,23-03-2021 00:00,BTC/USDT,54129.56,55890.68,52981.4,54400,276199,1.51E+10,3202573
1.62E+12,24-03-2021 00:00,BTC/USDT,54400,57234.79,51666,52311.54,394172.5,2.16E+10,4140709
1.62E+12,25-03-2021 00:00,BTC/USDT,52307.89,53255.2,50452.08,51325.21,416848.1,2.16E+10,4302154
1.62E+12,26-03-2021 00:00,BTC/USDT,51325.21,55123,51260,55030,271957.8,1.45E+10,2948225
1.62E+12,27-03-2021 00:00,BTC/USDT,55030,56658.76,54001,55828,234435.3,1.29E+10,2589316
1.62E+12,28-03-2021 00:00,BTC/USDT,55828,56588.31,54694.91,55805.08,200603.8,1.12E+10,2260517
1.62E+12,29-03-2021 00:00,BTC/USDT,55804.16,58490.11,54931.15,57677.64,277215.3,1.59E+10,3043409
1.62E+12,30-03-2021 00:00,BTC/USDT,57676.14,59560,57110,58794.16,232824.1,1.36E+10,2568718
1.62E+12,31-03-2021 00:00,BTC/USDT,58794.17,59920,56812,58807.24,337038.3,1.98E+10,3429371
1.62E+12,01-04-2021 0:00,BTC/USDT,58810.99,59592.22,58002,58794.01,196332.1,1.16E+10,2133428
1.62E+12,02-04-2021 0:00,BTC/USDT,58797.56,60397.85,58490.03,59031.36,189392,1.13E+10,2130064
1.62E+12,03-04-2021 0:00,BTC/USDT,59028.99,59925,56900,57134.65,198636.2,1.17E+10,2247303
1.62E+12,04-04-2021 0:00,BTC/USDT,57134.65,58553,56517.23,58234.61,152454.1,8.79E+09,1778714
1.62E+12,05-04-2021 0:00,BTC/USDT,58234.61,59385,56808.94,59243.39,174338.6,1.01E+10,2011408
1.62E+12,06-04-2021 0:00,BTC/USDT,59243.4,59626.18,57500,58059.99,165562,9.68E+09,1949118
1.62E+12,07-04-2021 0:00,BTC/USDT,58060,58720,55536.07,56018.18,265271.7,1.51E+10,2888669
1.62E+12,08-04-2021 0:00,BTC/USDT,56018.17,58200,55759.13,58122.26,161389.9,9.24E+09,1886407
1.62E+12,09-04-2021 0:00,BTC/USDT,58122.93,58950,57700,58176.03,141690.1,8.26E+09,1631493
1.62E+12,10-04-2021 0:00,BTC/USDT,58176.04,61800,57943.95,59832.43,240907.6,1.45E+10,2568013
1.62E+12,11-04-2021 0:00,BTC/USDT,59832.43,60816.88,59304.02,60090.2,148499.8,8.90E+09,1746745
1.62E+12,12-04-2021 0:00,BTC/USDT,60093.26,61449.91,59500,59911.18,196147.6,1.18E+10,2141177
1.62E+12,13-04-2021 00:00,BTC/USDT,59911.19,63850,59873.01,63649.71,279389.5,1.74E+10,2892252
1.62E+12,14-04-2021 00:00,BTC/USDT,63645.05,64986.11,61404,63019.1,323454.9,2.05E+10,3346550
1.62E+12,15-04-2021 00:00,BTC/USDT,63018.34,63905.83,62157.89,63232.55,178604.2,1.12E+10,2024715
1.62E+12,16-04-2021 00:00,BTC/USDT,63232.56,63600,60100,61424.67,255765.9,1.57E+10,2804338
1.62E+12,17-04-2021 00:00,BTC/USDT,61424.67,62610,59620,60090.14,194112.3,1.19E+10,2207548
1.62E+12,18-04-2021 00:00,BTC/USDT,60090.14,60450,50050,56140.05,522006.3,2.90E+10,6123918
1.62E+12,19-04-2021 00:00,BTC/USDT,56140.05,57532.7,54200,55634.39,285041.7,1.60E+10,3236025
1.62E+12,20-04-2021 00:00,BTC/USDT,55634.38,57060,53330.82,56410.56,324494.1,1.79E+10,3582497
1.62E+12,21-04-2021 00:00,BTC/USDT,56411.25,56756.78,53610,53800,252602,1.40E+10,2845696
1.62E+12,22-04-2021 00:00,BTC/USDT,53794.72,55470.51,50534.34,51714.61,453489.2,2.42E+10,4873286
1.62E+12,23-04-2021 00:00,BTC/USDT,51714.62,52152,47546.16,51122.62,554666,2.75E+10,6054609
1.62E+12,24-04-2021 00:00,BTC/USDT,51122.63,51183.51,48690,50092.4,299663.1,1.50E+10,3282516
1.62E+12,25-04-2021 00:00,BTC/USDT,50094.27,50577.9,46930.43,49063.94,310306.5,1.53E+10,3435937
1.62E+12,26-04-2021 00:00,BTC/USDT,49063.94,54364.89,48763,53984.33,390494.1,2.06E+10,4041188
1.62E+12,27-04-2021 00:00,BTC/USDT,53984.34,55500,53225.14,55006.25,225440.4,1.23E+10,2477387
1.62E+12,28-04-2021 00:00,BTC/USDT,55006.25,56574.13,53852,54861.77,263170.6,1.44E+10,2888503
1.62E+12,29-04-2021 00:00,BTC/USDT,54861.76,55222.02,52350,53558.8,257045.2,1.38E+10,2688481
1.62E+12,30-04-2021 00:00,BTC/USDT,53558.57,57935,53043.62,57684.16,294683.8,1.64E+10,3019948
1.62E+12,01-05-2021 0:00,BTC/USDT,57688.29,58488.17,57051.23,57836.34,207854.4,1.20E+10,2169172
1.62E+12,02-05-2021 0:00,BTC/USDT,57836.35,57959.97,56100,56630.33,203712.5,1.16E+10,2158896
1.62E+12,03-05-2021 0:00,BTC/USDT,56630.34,59056.59,56500.65,57214.83,271734,1.57E+10,2777144
1.62E+12,04-05-2021 0:00,BTC/USDT,57214.84,57253.76,53094.59,53263.32,388988.8,2.15E+10,4022066
1.62E+12,05-05-2021 0:00,BTC/USDT,53263.32,57940,52880.38,57497.77,317811.7,1.78E+10,3168133
1.62E+12,06-05-2021 0:00,BTC/USDT,57497.76,58450,55297.91,56435.35,275471.2,1.57E+10,2863753
1.62E+12,07-05-2021 0:00,BTC/USDT,56435.35,58800,55300,57350.88,256159.5,1.46E+10,2804212
1.62E+12,08-05-2021 0:00,BTC/USDT,57350.89,59590.96,56961.25,58924.98,264906.7,1.55E+10,2983532
1.62E+12,09-05-2021 0:00,BTC/USDT,58926.36,59335.19,56316,58292.53,245954,1.42E+10,2634641
1.62E+12,10-05-2021 0:00,BTC/USDT,58292.53,59654,53250,55869.67,396237.1,2.27E+10,4094344
1.62E+12,11-05-2021 0:00,BTC/USDT,55869.41,56908.66,54541.33,56710.43,267226.1,1.49E+10,2884389
1.62E+12,12-05-2021 0:00,BTC/USDT,56712.7,58049.99,48503.74,49595.76,472329.2,2.58E+10,4959229
1.62E+12,13-05-2021 00:00,BTC/USDT,49596.75,51358,45596.32,49707.9,652476.7,3.23E+10,7526904
1.62E+12,14-05-2021 00:00,BTC/USDT,49706.27,51533,48870.41,49873.27,319069,1.60E+10,3217006
1.62E+12,15-05-2021 00:00,BTC/USDT,49873.26,50709.43,46584.32,46793.41,442023.5,2.15E+10,4479965
1.62E+12,16-05-2021 00:00,BTC/USDT,46794.62,49829.39,43866,46429.28,604537.6,2.84E+10,6085883
1.62E+12,17-05-2021 00:00,BTC/USDT,46429.28,46655,42151,43566.18,809129.4,3.57E+10,8158638
1.62E+12,18-05-2021 00:00,BTC/USDT,43565.11,45846.61,42268,42882.53,590358.6,2.59E+10,5914414
1.62E+12,19-05-2021 00:00,BTC/USDT,42882.54,43615.93,28688,36689.14,1373852,5.30E+10,14748747
1.62E+12,20-05-2021 00:00,BTC/USDT,36689.14,42460,34882,40500.3,775185.1,3.07E+10,9532573
1.62E+12,21-05-2021 00:00,BTC/USDT,40500,42270.42,33400,37211.02,930671.7,3.55E+10,10769140
1.62E+12,22-05-2021 00:00,BTC/USDT,37210.01,38851.34,35201.11,37432.58,588166.8,2.20E+10,6992444
1.62E+12,23-05-2021 00:00,BTC/USDT,37436,38261.71,31096.7,34651.6,996815,3.41E+10,11641510
1.62E+12,24-05-2021 00:00,BTC/USDT,34656.53,39917.09,34366,38779.66,707903.1,2.63E+10,7477510
1.62E+12,25-05-2021 00:00,BTC/USDT,38783.58,39790.05,36439.32,38326.84,598836.4,2.27E+10,6334066
1.62E+12,26-05-2021 00:00,BTC/USDT,38326.84,40900,37804.76,39224.2,577032.8,2.26E+10,5587876
1.62E+12,27-05-2021 00:00,BTC/USDT,39224.21,40438.82,37133.22,38527.38,543338.6,2.11E+10,5251225
1.62E+12,28-05-2021 00:00,BTC/USDT,38527.38,38888.35,34689.57,35670.99,832363.4,3.03E+10,7510187
1.62E+12,29-05-2021 00:00,BTC/USDT,35670.99,37375,33650,34611.94,733902.8,2.58E+10,7000689
1.62E+12,30-05-2021 00:00,BTC/USDT,34611.95,36501,33356,35651.81,511834.7,1.81E+10,4973296
1.62E+12,31-05-2021 00:00,BTC/USDT,35651.8,37500,34150,37243.38,635082.1,2.29E+10,5580461
1.62E+12,01-06-2021 0:00,BTC/USDT,37244.36,37893.76,35500,36693.41,590822.5,2.16E+10,5297320
1.62E+12,02-06-2021 0:00,BTC/USDT,36694.37,38232.99,35905,37569.99,441719.8,1.65E+10,4080217
1.62E+12,03-06-2021 0:00,BTC/USDT,37570,39470,37150.15,39247.4,507429,1.96E+10,4505482
1.62E+12,04-06-2021 0:00,BTC/USDT,39247.4,39297.35,35552.51,36828.03,700625.9,2.59E+10,6025185
1.62E+12,05-06-2021 0:00,BTC/USDT,36828.03,37900.49,34800,35498.62,631028.4,2.29E+10,5611429
1.62E+12,06-06-2021 0:00,BTC/USDT,35497.93,36521.16,35201.86,35801.71,443601.1,1.59E+10,3944742
1.62E+12,07-06-2021 0:00,BTC/USDT,35801.71,36820,33200,33550.96,636735.9,2.27E+10,5458401
1.62E+12,08-06-2021 0:00,BTC/USDT,33550.97,34061.57,30969,33372.58,976693,3.19E+10,8000201
1.62E+12,09-06-2021 0:00,BTC/USDT,33372.58,37511.31,32390,37368.45,1031014,3.61E+10,8470399
1.62E+12,10-06-2021 0:00,BTC/USDT,37369.99,38489,35750,36669.66,803185.7,2.98E+10,6960056
1.62E+12,11-06-2021 0:00,BTC/USDT,36669.65,37679.54,35900,37300.42,586122.9,2.17E+10,5557717
1.62E+12,12-06-2021 0:00,BTC/USDT,37300.41,37432.95,34585.9,35537.05,623532.5,2.22E+10,5782385
1.62E+12,13-06-2021 00:00,BTC/USDT,35535.95,39374.18,34739.06,38993.65,647035.3,2.37E+10,6085040
1.62E+12,14-06-2021 00:00,BTC/USDT,38993.66,41000,38720,40489.1,704979.9,2.80E+10,6811137
1.62E+12,15-06-2021 00:00,BTC/USDT,40489.1,41413,39500,40132.86,632067,2.54E+10,5854306
1.62E+12,16-06-2021 00:00,BTC/USDT,40132.86,40495,38105,38344.97,673235.5,2.64E+10,6317711
1.62E+12,17-06-2021 00:00,BTC/USDT,38344.97,39565,37334.76,38060.71,603849.9,2.33E+10,5362882
1.62E+12,18-06-2021 00:00,BTC/USDT,38060.71,38198,35100,35811.41,790379.2,2.91E+10,6722621
1.62E+12,19-06-2021 00:00,BTC/USDT,35811.41,36471.8,34704.08,35483,642185.4,2.29E+10,5504522
1.62E+12,20-06-2021 00:00,BTC/USDT,35483.01,36155,33312,35588.64,829896.4,2.88E+10,6811270
1.62E+12,21-06-2021 00:00,BTC/USDT,35588.63,35746.28,31250.51,31606,1397331,4.60E+10,11529993
1.62E+12,22-06-2021 00:00,BTC/USDT,31606,33274,28780.01,32496,1531825,4.81E+10,12592839
1.62E+12,23-06-2021 00:00,BTC/USDT,32496,34867.77,31711.5,33649,960700.4,3.24E+10,8005763
1.62E+12,24-06-2021 00:00,BTC/USDT,33650,35406.74,32300,34644.64,774899.2,2.61E+10,6393985
1.62E+12,25-06-2021 00:00,BTC/USDT,34644.65,35500,31250,31568.07,1093051,3.62E+10,8575198
1.62E+12,26-06-2021 00:00,BTC/USDT,31569.18,32720.52,30120,32255.56,1091385,3.42E+10,8830795
1.62E+12,27-06-2021 00:00,BTC/USDT,32250.15,34762,31960,34687.71,897147.5,2.97E+10,7266511
1.62E+12,28-06-2021 00:00,BTC/USDT,34687.71,35279.38,33855,34487.22,706158.5,2.43E+10,6016466
1.62E+12,29-06-2021 00:00,BTC/USDT,34486.58,36623,34206,35911.26,806140.3,2.87E+10,6564763
1.63E+12,30-06-2021 00:00,BTC/USDT,35910.64,36089.96,34042.74,35031.39,719743,2.51E+10,5747819
1.63E+12,01-07-2021 0:00,BTC/USDT,35031.39,35044.98,32672.04,33489.96,758966.5,2.55E+10,5725261
1.63E+12,02-07-2021 0:00,BTC/USDT,33489.96,33960,32684,33760.94,664923.2,2.21E+10,5408686
1.63E+12,03-07-2021 0:00,BTC/USDT,33760.94,34948.16,33296.98,34652.94,510614.3,1.75E+10,3994573
1.63E+12,04-07-2021 0:00,BTC/USDT,34653.32,35955.55,34340.75,35280.16,451001.6,1.59E+10,3486378
1.63E+12,05-07-2021 0:00,BTC/USDT,35280.17,35281.55,33032,33672.72,736706.4,2.51E+10,5192876
1.63E+12,06-07-2021 0:00,BTC/USDT,33672.72,35120,33500,34206.01,644229,2.20E+10,5169120
1.63E+12,07-07-2021 0:00,BTC/USDT,34206,35089.56,33756.48,33845.64,456218.9,1.58E+10,4023843
1.63E+12,08-07-2021 0:00,BTC/USDT,33845.63,33910,32066,32852.04,650317.7,2.14E+10,5260499
1.63E+12,09-07-2021 0:00,BTC/USDT,32855,34100,32250,33805.01,485662.9,1.61E+10,4150223
1.63E+12,10-07-2021 0:00,BTC/USDT,33805.01,34248.58,33010,33497.98,410272,1.38E+10,3501607
1.63E+12,11-07-2021 0:00,BTC/USDT,33497.98,34629.62,33306.03,34253.81,343905.4,1.16E+10,3000523
1.63E+12,12-07-2021 0:00,BTC/USDT,34253.88,34662.73,32650,33070.87,502747.8,1.69E+10,4018132
1.63E+12,13-07-2021 00:00,BTC/USDT,33070.86,33336,32186.99,32709.09,466567.7,1.53E+10,3656943
1.63E+12,14-07-2021 00:00,BTC/USDT,32708.66,33176.47,31556.02,32803.01,521140.4,1.69E+10,4012431
1.63E+12,15-07-2021 00:00,BTC/USDT,32803,33170,31140,31866.43,539111.7,1.72E+10,4036910
1.63E+12,16-07-2021 00:00,BTC/USDT,31865.53,32245,31018.59,31382.95,516577.7,1.64E+10,3914018
1.63E+12,17-07-2021 00:00,BTC/USDT,31382.96,31945,31150.02,31496.65,422650.4,1.33E+10,3259417
1.63E+12,18-07-2021 00:00,BTC/USDT,31496.65,32435.93,31075.1,31767,412189.4,1.31E+10,3159782
1.63E+12,19-07-2021 00:00,BTC/USDT,31765.23,31890,30358.77,30823.62,486305.6,1.51E+10,3696993
1.63E+12,20-07-2021 00:00,BTC/USDT,30823.62,31050,29242.24,29775.9,602688.2,1.80E+10,4318098
1.63E+12,21-07-2021 00:00,BTC/USDT,29775.89,32883.9,29472.41,32120,787077.4,2.47E+10,5398212
1.63E+12,22-07-2021 00:00,BTC/USDT,32120,32583.48,31700,32268.11,397258.9,1.28E+10,3291672
1.63E+12,23-07-2021 00:00,BTC/USDT,32268.12,33650,31970.82,33634.46,404650,1.32E+10,3284595
1.63E+12,24-07-2021 00:00,BTC/USDT,33631.74,34471,33379.81,34230,376046,1.27E+10,3121090
1.63E+12,25-07-2021 00:00,BTC/USDT,34230,35400,33812,35370.66,404114.8,1.39E+10,3362822
1.63E+12,26-07-2021 00:00,BTC/USDT,35370.67,48168.6,35185.49,37218.09,1162333,4.45E+10,9156876
1.63E+12,27-07-2021 00:00,BTC/USDT,37218.09,39546.34,36384.31,39442.33,675104.2,2.55E+10,5881831
1.63E+12,28-07-2021 00:00,BTC/USDT,39448.06,40894,38753,40003.08,736196.2,2.93E+10,6959669
1.63E+12,29-07-2021 00:00,BTC/USDT,40003.08,40665,39203.83,40012.9,463917.9,1.85E+10,4559744
1.63E+12,30-07-2021 00:00,BTC/USDT,40012.89,42316.6,38320,42203.25,561474.3,2.24E+10,5291572
1.63E+12,31-07-2021 00:00,BTC/USDT,42202.6,42494,41030.19,41448.11,381521.9,1.59E+10,3846882
1.63E+12,01-08-2021 0:00,BTC/USDT,41448.1,42614.98,39350.4,39846.78,487529,2.01E+10,4662543
1.63E+12,02-08-2021 0:00,BTC/USDT,39846.78,40450,38658,39147.48,451872.1,1.79E+10,4318497
1.63E+12,03-08-2021 0:00,BTC/USDT,39147.47,39774.93,37600,38203.26,517219.5,1.99E+10,4801837
1.63E+12,04-08-2021 0:00,BTC/USDT,38201.33,39975.32,37500,39731.31,479560.5,1.86E+10,4413240
1.63E+12,05-08-2021 0:00,BTC/USDT,39731.31,41350,37291,40882.4,746249.7,2.93E+10,6512116
1.63E+12,06-08-2021 0:00,BTC/USDT,40882.39,43400,39849.82,42825.43,653451.2,2.71E+10,6108565
1.63E+12,07-08-2021 0:00,BTC/USDT,42825.43,44753.01,42395.2,44601.11,583750.9,2.54E+10,5973520
1.63E+12,08-08-2021 0:00,BTC/USDT,44601.11,45350,43265,43787.71,553684.7,2.45E+10,5639557
1.63E+12,09-08-2021 0:00,BTC/USDT,43787.71,46483,42785,46259.7,626220.5,2.82E+10,6262199
1.63E+12,10-08-2021 0:00,BTC/USDT,46259.7,46800,44670.05,45589.99,460478.9,2.10E+10,4679043
1.63E+12,11-08-2021 0:00,BTC/USDT,45589.99,46754.27,45354,45522.12,390660.6,1.80E+10,3948283
1.63E+12,12-08-2021 0:00,BTC/USDT,45522.13,46226.67,43800,44385.09,468276.1,2.10E+10,4731727
1.63E+12,13-08-2021 00:00,BTC/USDT,44385.09,47980.69,44208.88,47792.52,438025.5,2.03E+10,4397367
1.63E+12,14-08-2021 00:00,BTC/USDT,47792.52,48300,46000,47083.74,374368.8,1.76E+10,3874327
1.63E+12,15-08-2021 00:00,BTC/USDT,47083.75,47388.75,45480,47006.02,370950.8,1.72E+10,3856811
1.63E+12,16-08-2021 00:00,BTC/USDT,47006.02,48074.23,45682.03,45926.23,412537.6,1.93E+10,4045954
1.63E+12,17-08-2021 00:00,BTC/USDT,45926.23,47194,44412.01,44704.84,474316.4,2.18E+10,4617189
1.63E+12,18-08-2021 00:00,BTC/USDT,44704.85,46050,44227.32,44714.09,395836.2,1.79E+10,4068589
1.63E+12,19-08-2021 00:00,BTC/USDT,44714.09,47100,43938.38,46772,439402.2,1.99E+10,4289786
1.63E+12,20-08-2021 00:00,BTC/USDT,46772,49500,46650,49332.74,401499.1,1.92E+10,3984145
1.63E+12,21-08-2021 00:00,BTC/USDT,49332.99,49833,48250,48848.29,347594.5,1.70E+10,3387346
1.63E+12,22-08-2021 00:00,BTC/USDT,48846.11,49556.2,48075.81,49273.28,294672.2,1.44E+10,2925925
1.63E+12,23-08-2021 00:00,BTC/USDT,49273.28,50600,49075.01,49523.91,355733.5,1.77E+10,3345792
1.63E+12,24-08-2021 00:00,BTC/USDT,49523.23,49888.88,47600,47719.36,398682,1.95E+10,3585585
1.63E+12,25-08-2021 00:00,BTC/USDT,47719.37,49297.8,47130.57,48992.65,389100.4,1.87E+10,3410366
1.63E+12,26-08-2021 00:00,BTC/USDT,48992.65,49380,46280,46853.06,475183.1,2.25E+10,4109457
1.63E+12,27-08-2021 00:00,BTC/USDT,46854.22,49220,46359.97,49083.98,403667,1.92E+10,3627060
1.63E+12,28-08-2021 00:00,BTC/USDT,49082.13,49333,48395.65,48931.99,222793,1.09E+10,2305599
1.63E+12,29-08-2021 00:00,BTC/USDT,48931.99,49769.2,47741.31,48795.41,315105.5,1.53E+10,2921430
1.63E+12,30-08-2021 00:00,BTC/USDT,48795.42,48916.25,46876.49,47024.7,351830.8,1.69E+10,3200639
1.63E+12,31-08-2021 00:00,BTC/USDT,47024.69,48298,46731.03,47150.32,365548.2,1.73E+10,3297842
1.63E+12,01-09-2021 0:00,BTC/USDT,47150.32,49160.79,46550.99,48842.94,350108.4,1.67E+10,3281474
1.63E+12,02-09-2021 0:00,BTC/USDT,48842.93,50420,48631.2,49299.14,361863.1,1.80E+10,3429775
1.63E+12,03-09-2021 0:00,BTC/USDT,49299.14,51111,48333,50027.08,430326.4,2.15E+10,3937764
1.63E+12,04-09-2021 0:00,BTC/USDT,50027.09,50582.08,49360,49940.74,274956.8,1.38E+10,2715890
1.63E+12,05-09-2021 0:00,BTC/USDT,49942.2,51950,49462.59,51799.57,288984.1,1.46E+10,2959186
1.63E+12,06-09-2021 0:00,BTC/USDT,51799.56,52830,51040,52683.97,297734.3,1.54E+10,2960058
1.63E+12,07-09-2021 0:00,BTC/USDT,52683.98,52950,42088,46864.39,764140.1,3.73E+10,6793714
1.63E+12,08-09-2021 0:00,BTC/USDT,46864.38,47347,44431,46062.29,435803,2.01E+10,4352909
1.63E+12,09-09-2021 0:00,BTC/USDT,46060.02,47400,45500,46413.88,309015.8,1.43E+10,3136000
1.63E+12,10-09-2021 0:00,BTC/USDT,46413.88,47037.5,44120,44860.83,343533.1,1.57E+10,3380700
1.63E+12,11-09-2021 0:00,BTC/USDT,44860.83,45999,44737.4,45193.78,194144.1,8.81E+09,2214791
1.63E+12,12-09-2021 0:00,BTC/USDT,45194.19,46512.2,44746.51,46046.73,223534.6,1.02E+10,2321178
1.63E+12,13-09-2021 00:00,BTC/USDT,46048.02,46933.89,43323.93,44975.96,448942.1,2.01E+10,4145907
1.63E+12,14-09-2021 00:00,BTC/USDT,44975.96,47272.98,44692.9,47087.18,277925.7,1.28E+10,2897568
1.63E+12,15-09-2021 00:00,BTC/USDT,47087.18,48440.93,46675,48106.12,244226.4,1.16E+10,2516058
1.63E+12,16-09-2021 00:00,BTC/USDT,48106.13,48488,47038.21,47745.55,260044.7,1.24E+10,2620820
1.63E+12,17-09-2021 00:00,BTC/USDT,47745.55,48150,46750,47303.11,226193.3,1.07E+10,2357112
1.63E+12,18-09-2021 00:00,BTC/USDT,47303.11,48850,47044.32,48285.15,207900.4,1.00E+10,2155659
1.63E+12,19-09-2021 00:00,BTC/USDT,48284.61,48364.64,46840,47256.91,212631.9,1.01E+10,2174041
1.63E+12,20-09-2021 00:00,BTC/USDT,47256.92,47345,42467.86,43026.6,600764.6,2.66E+10,5157870
1.63E+12,21-09-2021 00:00,BTC/USDT,43026.61,43629.6,39503.58,40726.1,683242,2.87E+10,5802228
1.63E+12,22-09-2021 00:00,BTC/USDT,40727.83,43989.98,40551.49,43520,400849.8,1.71E+10,3884352
1.63E+12,23-09-2021 00:00,BTC/USDT,43520,44976.48,43056,44828.29,330253.5,1.46E+10,3230032
1.63E+12,24-09-2021 00:00,BTC/USDT,44828.29,45134.33,40650,42798.49,608595.5,2.59E+10,5382969
1.63E+12,25-09-2021 00:00,BTC/USDT,42798.49,42950,41630.26,42651.58,277084.8,1.18E+10,2664046
1.63E+12,26-09-2021 00:00,BTC/USDT,42646.84,43940,40725.01,43150,354393.9,1.51E+10,3234331
1.63E+12,27-09-2021 00:00,BTC/USDT,43150.01,44350,42059.13,42122.69,285311.6,1.24E+10,2858510
1.63E+12,28-09-2021 00:00,BTC/USDT,42122.69,42749,40854,41006.32,359745.5,1.50E+10,3336982
1.63E+12,29-09-2021 00:00,BTC/USDT,41002.96,42576.8,40708.73,41499.71,293307.6,1.22E+10,2890161
1.63E+12,30-09-2021 00:00,BTC/USDT,41499.7,44100,41387.78,43796.57,389185.6,1.68E+10,3595137
1.63E+12,01-10-2021 0:00,BTC/USDT,43799.49,48450,43260.01,48123.94,449491.8,2.08E+10,4182441
1.63E+12,02-10-2021 0:00,BTC/USDT,48123.93,48338.68,47410,47626.61,182566,8.73E+09,2094016
1.63E+12,03-10-2021 0:00,BTC/USDT,47626.62,49304.12,47071.26,48187.3,212410.4,1.02E+10,2555217
1.63E+12,04-10-2021 0:00,BTC/USDT,48187.99,49544.48,46885.29,49198.22,324424.8,1.56E+10,3491003
1.63E+12,05-10-2021 0:00,BTC/USDT,49199.78,51888,49009.21,51455.12,314043.8,1.58E+10,3327967
1.63E+12,06-10-2021 0:00,BTC/USDT,51460.22,56416.02,50410,55321.6,418731.7,2.22E+10,4406727
1.63E+12,07-10-2021 0:00,BTC/USDT,55327.45,55337.8,53374.34,53814.99,262974.5,1.43E+10,3228490
1.63E+12,08-10-2021 0:00,BTC/USDT,53814.99,56208.73,53647.3,53975,255210,1.40E+10,3022362
1.63E+12,09-10-2021 0:00,BTC/USDT,53974.99,55589,53656.66,54960.77,167495.4,9.18E+09,2142375
1.63E+12,10-10-2021 0:00,BTC/USDT,54960.79,56789,54101,54700,289072.8,1.60E+10,3209899
1.63E+12,11-10-2021 0:00,BTC/USDT,54700,57880,54458,57500.01,314868.1,1.78E+10,3488893
1.63E+12,12-10-2021 0:00,BTC/USDT,57500.01,57756.52,53750,56011.84,349147.8,1.97E+10,3760362
1.63E+12,13-10-2021 00:00,BTC/USDT,56011.83,57822.38,54271.24,57393.65,327714.3,1.83E+10,3544345
1.63E+12,14-10-2021 00:00,BTC/USDT,57393.65,58586.67,56800,57378.19,254719.8,1.47E+10,3039506
1.63E+12,15-10-2021 00:00,BTC/USDT,57377.12,63997.61,56900,61702.33,493366.5,2.97E+10,5189976
1.63E+12,16-10-2021 00:00,BTC/USDT,61702.33,62444.23,60220,60925.56,213251.9,1.31E+10,2733733
1.63E+12,17-10-2021 00:00,BTC/USDT,60925.56,61796.47,58850,61571.45,240132.5,1.46E+10,2991800
1.63E+12,18-10-2021 00:00,BTC/USDT,61571.45,62800,59897.61,62037.92,333278.5,2.06E+10,3859785
1.63E+12,19-10-2021 00:00,BTC/USDT,62037.92,64500,61300,64316.7,379243.7,2.38E+10,4058114
1.63E+12,20-10-2021 00:00,BTC/USDT,64314.75,67150,63518.81,66064.24,324737.9,2.13E+10,3807997
1.63E+12,21-10-2021 00:00,BTC/USDT,66064.25,66750,62000,62260.33,478610.5,3.08E+10,5154202
1.63E+12,22-10-2021 00:00,BTC/USDT,62260.33,63796.2,60011.9,60734.27,350359.5,2.17E+10,3806113
1.63E+12,23-10-2021 00:00,BTC/USDT,60734.28,61780,59622,61325.11,222553.5,1.36E+10,2490240
1.64E+12,24-10-2021 00:00,BTC/USDT,61325.09,61550,59504.46,60902.82,245816.8,1.49E+10,2594160
1.64E+12,25-10-2021 00:00,BTC/USDT,60902.82,63795.98,60701,63127.04,234201.1,1.47E+10,2616705
1.64E+12,26-10-2021 00:00,BTC/USDT,63129.25,63362.06,59838.05,60358.75,252256.9,1.56E+10,2733730
1.64E+12,27-10-2021 00:00,BTC/USDT,60358.74,61550,57865,58449.36,329112.4,1.95E+10,3358588
1.64E+12,28-10-2021 00:00,BTC/USDT,58449.36,62641.26,57550,60622.03,333323.1,2.01E+10,3473122
1.64E+12,29-10-2021 00:00,BTC/USDT,60622.02,63069.71,60222,62308.22,218355.8,1.34E+10,2463370
1.64E+12,30-10-2021 00:00,BTC/USDT,62308.21,62415.85,60631.23,61895.19,156041.5,9.61E+09,1843670
1.64E+12,31-10-2021 00:00,BTC/USDT,61895.19,62462.99,60008,61348.61,183599.5,1.12E+10,1990247
1.64E+12,01-11-2021 0:00,BTC/USDT,61347.14,62543.58,59400,60942.87,246158.4,1.51E+10,2574208
1.64E+12,02-11-2021 0:00,BTC/USDT,60942.87,64349.55,60659.58,63266.69,217592.1,1.37E+10,2578549
1.64E+12,03-11-2021 0:00,BTC/USDT,63266.69,63613,60300,62946.45,211190.2,1.32E+10,2546692
1.64E+12,04-11-2021 0:00,BTC/USDT,62946.45,63149,60703,61431.86,184677.1,1.14E+10,2147665
1.64E+12,05-11-2021 0:00,BTC/USDT,61433.9,62671.48,60762,61006,157569.6,9.70E+09,2048592
1.64E+12,06-11-2021 0:00,BTC/USDT,61006,61645.75,60100,61511.3,154919.1,9.43E+09,1861601
1.64E+12,07-11-2021 0:00,BTC/USDT,61511.3,63377.58,61368.26,63316.4,142878.2,8.88E+09,1799395
1.64E+12,08-11-2021 0:00,BTC/USDT,63316.4,67932.89,63308.7,67606.96,274932.1,1.81E+10,3272069
1.64E+12,09-11-2021 0:00,BTC/USDT,67606.96,68675.16,66300,67009.98,231843.8,1.57E+10,3087341
1.64E+12,10-11-2021 0:00,BTC/USDT,67010.65,69198.7,62400.51,64920.13,347835.6,2.31E+10,4348447
1.64E+12,11-11-2021 0:00,BTC/USDT,64920.13,65646.98,64147.12,64831.3,178279.3,1.16E+10,2510140
1.64E+12,12-11-2021 0:00,BTC/USDT,64831.2,65500,62313,64156.08,264576.3,1.69E+10,3146724
1.64E+12,13-11-2021 00:00,BTC/USDT,64156.08,65073.24,63430.01,64427,124466.5,7.98E+09,1585473
1.64E+12,14-11-2021 00:00,BTC/USDT,64426.99,65569.99,63640,65568.39,146424.7,9.45E+09,1786912
1.64E+12,15-11-2021 00:00,BTC/USDT,65568.38,66395.05,63351.58,63654.49,210026.6,1.37E+10,2387155
1.64E+12,16-11-2021 00:00,BTC/USDT,63654.49,63655.77,58397.14,60106.03,475025.7,2.89E+10,4669206
1.64E+12,17-11-2021 00:00,BTC/USDT,60106.03,60848.85,58336.68,60366.96,287388.9,1.72E+10,3416114
1.64E+12,18-11-2021 00:00,BTC/USDT,60366.97,60999,56505.48,56921.05,412021.7,2.41E+10,4629293
1.64E+12,19-11-2021 00:00,BTC/USDT,56921.04,58333,55604,58069.51,245356.1,1.40E+10,3004657
1.64E+12,20-11-2021 00:00,BTC/USDT,58069.52,59873.84,57372,59716.29,173697.3,1.02E+10,2257300
1.64E+12,21-11-2021 00:00,BTC/USDT,59716.28,60052.82,58518.88,58661.39,143887.3,8.51E+09,2034106
1.64E+12,22-11-2021 00:00,BTC/USDT,58648.87,59624.56,55600,56268.31,326184.9,1.87E+10,3832413
1.64E+12,23-11-2021 00:00,BTC/USDT,56268.31,57888,55250,57574.23,267790.3,1.52E+10,3319305
1.64E+12,24-11-2021 00:00,BTC/USDT,57574.24,57775.27,55900,57165.08,194683.8,1.10E+10,2459067
1.64E+12,25-11-2021 00:00,BTC/USDT,57165.09,59449.62,57029,58988.21,191912.7,1.12E+10,2413373
1.64E+12,26-11-2021 00:00,BTC/USDT,58988.36,59186.41,53500,53755.65,378650.9,2.09E+10,4127437
1.64E+12,27-11-2021 00:00,BTC/USDT,53755.66,55300,53640.69,54738.77,155119.1,8.48E+09,1975864
1.64E+12,28-11-2021 00:00,BTC/USDT,54738.77,57474.76,53245,57315.73,213600.6,1.17E+10,2393952
1.64E+12,29-11-2021 00:00,BTC/USDT,57315.72,58924.21,56715,57827.98,215111.5,1.24E+10,2447845
1.64E+12,30-11-2021 00:00,BTC/USDT,57827.97,59224.99,55900,56975,337624.1,1.94E+10,3850454
1.64E+12,01-12-2021 0:00,BTC/USDT,56978.06,59100,56500,57209.29,273959.1,1.58E+10,3149322
1.64E+12,02-12-2021 0:00,BTC/USDT,57209.28,57428.49,55800,56513.57,249985.3,1.42E+10,2673918
1.64E+12,03-12-2021 0:00,BTC/USDT,56513.56,57670,50604,53612,374132,2.06E+10,3755786
1.64E+12,04-12-2021 0:00,BTC/USDT,53611.86,53889.69,40888.89,49135.66,598775,2.89E+10,5884109
1.64E+12,05-12-2021 0:00,BTC/USDT,49135.66,49699.49,47755,49376.6,286434.4,1.40E+10,3163309
1.64E+12,06-12-2021 0:00,BTC/USDT,49373.83,50888,47000,50424.72,357711,1.74E+10,3868686
1.64E+12,07-12-2021 0:00,BTC/USDT,50424.72,51929,50012,50577.2,224670.6,1.15E+10,2571721
1.64E+12,08-12-2021 0:00,BTC/USDT,50577.2,51210.6,48533.33,50455.61,238229.9,1.19E+10,2569992
1.64E+12,09-12-2021 0:00,BTC/USDT,50459.61,50773.03,47312.89,47539.76,273086.1,1.33E+10,3003376
1.64E+12,10-12-2021 0:00,BTC/USDT,47539.34,50188.42,46828.23,47136.35,302974.4,1.46E+10,3440326
1.64E+12,11-12-2021 0:00,BTC/USDT,47132.31,49499.05,46724.35,49381.15,210960,1.02E+10,2548340
1.64E+12,12-12-2021 0:00,BTC/USDT,49379.51,50768,48616.16,50057.01,183434.3,9.11E+09,2352164
1.64E+12,13-12-2021 00:00,BTC/USDT,50057.02,50180,45600,46679.93,348551.3,1.66E+10,4064300
1.64E+12,14-12-2021 00:00,BTC/USDT,46679.93,48657.92,46255.6,48324.04,266213.6,1.26E+10,3361316
1.64E+12,15-12-2021 00:00,BTC/USDT,48324,49479.75,46518.73,48870.48,345239.9,1.66E+10,4121320
1.64E+12,16-12-2021 00:00,BTC/USDT,48870.48,49439.79,47500,47624.5,215874.2,1.05E+10,2699044
1.64E+12,17-12-2021 00:00,BTC/USDT,47629.1,47988.27,45373.11,46125.33,326458.1,1.53E+10,3900693
1.64E+12,18-12-2021 00:00,BTC/USDT,46125.33,47336.99,45438.43,46815.99,191006.4,8.89E+09,2717062
1.64E+12,19-12-2021 00:00,BTC/USDT,46815.99,48461.17,46399.37,46668.63,241698.5,1.14E+10,2869025
1.64E+12,20-12-2021 00:00,BTC/USDT,46668.65,47533.42,45530.67,46898.14,273804.3,1.27E+10,3385680
1.64E+12,21-12-2021 00:00,BTC/USDT,46896.82,49298.78,46650,48875.15,260008.4,1.26E+10,3368367
1.64E+12,22-12-2021 00:00,BTC/USDT,48875.88,49599,48420.02,48569.69,208463.7,1.02E+10,2632960
1.64E+12,23-12-2021 00:00,BTC/USDT,48569.69,51377.74,48020,50817.92,255885.5,1.26E+10,2830824
1.64E+12,24-12-2021 00:00,BTC/USDT,50817.94,51805,50379.25,50808.55,220208.7,1.12E+10,2359503
1.64E+12,25-12-2021 00:00,BTC/USDT,50809.37,51190,50105,50403.64,147662.4,7.49E+09,1640853
1.64E+12,26-12-2021 00:00,BTC/USDT,50403.64,51300,49350,50765.73,184800.6,9.27E+09,1947977
1.64E+12,27-12-2021 00:00,BTC/USDT,50765.73,52134,50450,50707.72,216225.3,1.11E+10,2265011
1.64E+12,28-12-2021 00:00,BTC/USDT,50707.72,50713.56,47290,47522.03,336083.3,1.64E+10,3423898
1.64E+12,29-12-2021 00:00,BTC/USDT,47522.02,48125.97,46000,46436.54,274795.4,1.30E+10,2740566
1.64E+12,30-12-2021 00:00,BTC/USDT,46436.53,47911.68,45880,47095.02,229931.3,1.08E+10,2203374
1.64E+12,31-12-2021 00:00,BTC/USDT,47095.02,48575,45650,46210.56,287186,1.36E+10,2742753
1.64E+12,01-01-2022 0:00,BTC/USDT,46210.57,47943.77,46210.55,47704.35,179433.6,8.46E+09,1823098
1.64E+12,02-01-2022 0:00,BTC/USDT,47704.35,48000,46605.68,47280,184795.1,8.73E+09,1845244
1.64E+12,03-01-2022 0:00,BTC/USDT,47280.01,47575.22,45665.4,46445.81,244781.8,1.14E+10,2367718
1.64E+12,04-01-2022 0:00,BTC/USDT,46445.8,47524.36,45445.57,45833.42,292149.8,1.36E+10,2763606
1.64E+12,05-01-2022 0:00,BTC/USDT,45833.41,47075.29,42270,43421.69,485477.6,2.20E+10,4438181
1.64E+12,06-01-2022 0:00,BTC/USDT,43421.7,43766,42385.83,43080.01,299509.9,1.29E+10,2967072
1.64E+12,07-01-2022 0:00,BTC/USDT,43080.01,43135,40456.56,41553.86,473214.8,1.98E+10,4387523
1.64E+12,08-01-2022 0:00,BTC/USDT,41553.87,42335,40500,41688.05,283737.2,1.18E+10,2952768
1.64E+12,09-01-2022 0:00,BTC/USDT,41688.05,42773.85,41170,41851.22,223135,9.35E+09,2349047
1.64E+12,10-01-2022 0:00,BTC/USDT,41851.22,42219.84,39610,41801.55,453644.1,1.87E+10,4253158
1.64E+12,11-01-2022 0:00,BTC/USDT,41801.55,43118,41255,42700.68,323760.7,1.37E+10,3210875
1.64E+12,12-01-2022 0:00,BTC/USDT,42700.69,44300,42415,43880.72,281339.3,1.22E+10,2653237
1.64E+12,13-01-2022 00:00,BTC/USDT,43880.72,44396.68,42301.16,42534.32,289289.2,1.25E+10,2842230
1.64E+12,14-01-2022 00:00,BTC/USDT,42538.72,43450,41666,43042.4,272517.1,1.16E+10,2711286
1.64E+12,15-01-2022 00:00,BTC/USDT,43042.4,43800,42530.64,43070.51,184649.2,7.96E+09,2162077
1.64E+12,16-01-2022 00:00,BTC/USDT,43070.51,43464.71,42531.69,43060.66,177450.5,7.64E+09,2004334
1.64E+12,17-01-2022 00:00,BTC/USDT,43060.66,43159.32,41523.68,42176.34,232748.3,9.87E+09,2576335
1.64E+12,18-01-2022 00:00,BTC/USDT,42176.34,42680,41260,42337.58,267472.5,1.12E+10,2605464
1.64E+12,19-01-2022 00:00,BTC/USDT,42337.58,42545,41115.64,41657.89,333952.1,1.40E+10,3093452
1.64E+12,20-01-2022 00:00,BTC/USDT,41656.9,43495,40550,40661.69,399818.1,1.69E+10,3649340
1.64E+12,21-01-2022 00:00,BTC/USDT,40662.06,41095.76,35380.92,36425.98,790320.9,3.03E+10,7112977
1.64E+12,22-01-2022 00:00,BTC/USDT,36426.46,36817.74,33950,35043.73,676272.9,2.39E+10,6139534
1.64E+12,23-01-2022 00:00,BTC/USDT,35043.73,36496.92,34588.8,36230.01,369372.9,1.31E+10,3421563
1.64E+12,24-01-2022 00:00,BTC/USDT,36230,37528,32853.83,36648.31,823000.7,2.85E+10,7379240
1.64E+12,25-01-2022 00:00,BTC/USDT,36648.3,37561.03,35693,36934.26,409535.5,1.50E+10,4251175
1.64E+12,26-01-2022 00:00,BTC/USDT,36934.26,38886.58,36232.42,36787.43,554457.4,2.09E+10,5467829
1.64E+12,27-01-2022 00:00,BTC/USDT,36787.42,37200,35471.53,37131,422006.9,1.53E+10,4341962
1.64E+12,28-01-2022 00:00,BTC/USDT,37131,38000,36149.02,37696.21,367509.1,1.36E+10,3780617
1.64E+12,29-01-2022 00:00,BTC/USDT,37696.22,38750.94,37252,38150.01,238657.8,9.03E+09,2643842
1.64E+12,30-01-2022 00:00,BTC/USDT,38150,38420.3,37334.83,37870.01,195029.1,7.39E+09,2182990
1.64E+12,31-01-2022 00:00,BTC/USDT,37870,38741.73,36620,38439.04,318440.4,1.20E+10,3180130
1.64E+12,01-02-2022 0:00,BTC/USDT,38439.04,39260.26,37969,38680.51,353354.1,1.36E+10,3602863
1.64E+12,02-02-2022 0:00,BTC/USDT,38680.51,38834.18,36529.81,36892.03,337570.9,1.27E+10,3238066
1.64E+12,03-02-2022 0:00,BTC/USDT,36892.05,37395,36204.3,37289.86,318656.2,1.17E+10,3020061
1.64E+12,04-02-2022 0:00,BTC/USDT,37287.33,41741.76,37011,41550,520105.8,2.03E+10,4876035
1.64E+12,05-02-2022 0:00,BTC/USDT,41550,41922,40920,41374.69,242184.1,1.00E+10,2728847
1.64E+12,06-02-2022 0:00,BTC/USDT,41374.68,42656.8,41100,42361.35,215324,8.97E+09,2197115
1.64E+12,07-02-2022 0:00,BTC/USDT,42361.34,44541.16,41609.76,43829.99,418053.8,1.81E+10,4078430
1.64E+12,08-02-2022 0:00,BTC/USDT,43829.99,45600,42641,44021.57,468015.4,2.05E+10,4649391
1.64E+12,09-02-2022 0:00,BTC/USDT,44021.58,44826,43089.08,44358.08,300270.1,1.32E+10,3214990
1.64E+12,10-02-2022 0:00,BTC/USDT,44358.09,45847.5,43136.96,43471.29,563922.1,2.51E+10,5369837
1.64E+12,11-02-2022 0:00,BTC/USDT,43471.3,43900,41914.23,42366,414646.2,1.79E+10,4498402
1.64E+12,12-02-2022 0:00,BTC/USDT,42365.99,42980,41540,42199.87,256269.3,1.08E+10,2871604
1.64E+12,13-02-2022 00:00,BTC/USDT,42199.88,42755.97,41850,42041.13,192068,8.13E+09,2148957
1.64E+12,14-02-2022 00:00,BTC/USDT,42041.12,42888,41526,42525.14,303990.9,1.28E+10,3037236
1.64E+12,15-02-2022 00:00,BTC/USDT,42525.14,44777,42406.23,44529.6,276735.4,1.22E+10,2782170
1.64E+12,16-02-2022 00:00,BTC/USDT,44529.7,44536.8,43277.8,43860.7,255790.3,1.12E+10,2543753
1.65E+12,17-02-2022 00:00,BTC/USDT,43860.8,44150,40020.1,40491.7,433959,1.83E+10,4093325
1.65E+12,18-02-2022 00:00,BTC/USDT,40491.8,40944.1,39422,39966.8,377679.8,1.52E+10,3531150
1.65E+12,19-02-2022 00:00,BTC/USDT,39966.8,40438.7,39610.3,40052.6,185624.7,7.42E+09,1963483
1.65E+12,20-02-2022 00:00,BTC/USDT,40052.6,40100.1,37905,38368.1,329740.4,1.27E+10,2965260
1.65E+12,21-02-2022 00:00,BTC/USDT,38367.9,39510,36762,36986.4,646391.8,2.47E+10,5359508
1.65E+12,22-02-2022 00:00,BTC/USDT,36986.4,38450,36310.1,38212,465313.5,1.74E+10,4341079
1.65E+12,23-02-2022 00:00,BTC/USDT,38212.1,39250,36963.2,37227.8,408056.3,1.56E+10,3541556
1.65E+12,24-02-2022 00:00,BTC/USDT,37227.9,40376.1,34303.7,38315.1,919820.9,3.32E+10,8122647
1.65E+12,25-02-2022 00:00,BTC/USDT,38316.2,39750,37999.2,39205.4,416316.4,1.62E+10,4273206
1.65E+12,26-02-2022 00:00,BTC/USDT,39205.4,40441.1,38561.7,39099.3,251892.2,9.88E+09,2697306
1.65E+12,27-02-2022 00:00,BTC/USDT,39099.3,39868.6,36934.6,37672,423197.2,1.63E+10,4101060
1.65E+12,28-02-2022 00:00,BTC/USDT,37672.1,44341,37414.4,43155,615391.2,2.47E+10,5894312
1.65E+12,01-03-2022 0:00,BTC/USDT,43155,44935,42765.4,44394.1,448483.6,1.96E+10,4610393
1.65E+12,02-03-2022 0:00,BTC/USDT,44393.6,45350,43321,43885.7,407603.7,1.80E+10,4239890
1.65E+12,03-03-2022 0:00,BTC/USDT,43885.8,44080,41831,42449.5,365565.8,1.57E+10,3803308
1.65E+12,04-03-2022 0:00,BTC/USDT,42449.6,42525.3,38521,39127.7,469138.4,1.91E+10,4908804
1.65E+12,05-03-2022 0:00,BTC/USDT,39127.7,39580,38547.6,39375.1,198747.9,7.77E+09,2212218
1.65E+12,06-03-2022 0:00,BTC/USDT,39375,39690,38056,38401.1,311705.3,1.21E+10,3162831
1.65E+12,07-03-2022 0:00,BTC/USDT,38401.1,39550,37134,37963.8,490254.5,1.88E+10,4747049
1.65E+12,08-03-2022 0:00,BTC/USDT,37963.7,39340.5,37853,38709.9,421462.4,1.63E+10,4243987
1.65E+12,09-03-2022 0:00,BTC/USDT,38709.9,42647.5,38638.7,41937.5,462059.8,1.92E+10,4564168
1.65E+12,10-03-2022 0:00,BTC/USDT,41939.5,42034.3,38512,39407.2,520645.2,2.06E+10,5039014
1.65E+12,11-03-2022 0:00,BTC/USDT,39407.1,40242,38200.1,38713,467078.9,1.83E+10,4566236
1.65E+12,12-03-2022 0:00,BTC/USDT,38713.1,39578.4,38630,38792.6,172494.8,6.74E+09,1916408
1.65E+12,13-03-2022 00:00,BTC/USDT,38792.7,39300,37500,37743.7,236623.7,9.15E+09,2373595
1.65E+12,14-03-2022 00:00,BTC/USDT,37743,39989,37522.1,39653.8,360058.4,1.40E+10,3346589
1.65E+12,15-03-2022 00:00,BTC/USDT,39651.6,39901.8,38073.8,39271,345019.2,1.35E+10,3198153
1.65E+12,16-03-2022 00:00,BTC/USDT,39270.9,41804,38700,41105.8,650589.7,2.62E+10,6249052
1.65E+12,17-03-2022 00:00,BTC/USDT,41105.9,41498.4,40442.8,40898.1,243988.8,9.98E+09,2446187
1.65E+12,18-03-2022 00:00,BTC/USDT,40898,42322.8,40084.2,41751.5,299134.4,1.23E+10,2791205
1.65E+12,19-03-2022 00:00,BTC/USDT,41751.6,42446.6,41500,42188.2,186460,7.81E+09,1729803
1.65E+12,20-03-2022 00:00,BTC/USDT,42188.2,42269.3,40900,41261,235774.1,9.79E+09,2023810
1.65E+12,21-03-2022 00:00,BTC/USDT,41261,41544.4,40430,40982,308396.5,1.27E+10,2575120
1.65E+12,22-03-2022 00:00,BTC/USDT,40982,43517.7,40852,42349.8,374297.7,1.59E+10,3429191
1.65E+12,23-03-2022 00:00,BTC/USDT,42349.9,43051,41731.3,42867.9,282631.7,1.19E+10,2643858
1.65E+12,24-03-2022 00:00,BTC/USDT,42867.8,44200,42525,43973.4,331440.1,1.44E+10,3127793
1.65E+12,25-03-2022 00:00,BTC/USDT,43973.2,45142,43575.1,44290.6,348620.1,1.55E+10,3146493
1.65E+12,26-03-2022 00:00,BTC/USDT,44290.6,44785,44041,44489.2,140712.6,6.24E+09,1476070
1.65E+12,27-03-2022 00:00,BTC/USDT,44489.3,47047,44416,46820.8,269280.2,1.22E+10,2526390
1.65E+12,28-03-2022 00:00,BTC/USDT,46820.9,48200,46651.2,47121.9,317565.8,1.50E+10,3149233
1.65E+12,29-03-2022 00:00,BTC/USDT,47121.8,48100,46911,47418.5,259040.8,1.23E+10,2407067
1.65E+12,30-03-2022 00:00,BTC/USDT,47418.5,47688.6,46535,47053.2,235009.9,1.11E+10,2279014
1.65E+12,31-03-2022 00:00,BTC/USDT,47053.1,47619.4,45185,45506,299837.6,1.39E+10,2704524
1.65E+12,01-04-2022 0:00,BTC/USDT,45505.9,46700,44206.2,46266.2,360734.6,1.64E+10,3077896
1.65E+12,02-04-2022 0:00,BTC/USDT,46266.2,47236.8,45600,45794.6,226413.4,1.05E+10,2087086
1.65E+12,03-04-2022 0:00,BTC/USDT,45792.3,47448,45501,46392.4,212589,9.87E+09,2007773
1.65E+12,04-04-2022 0:00,BTC/USDT,46392.3,46895.5,45094,46580.9,272796.5,1.26E+10,2435925
1.65E+12,05-04-2022 0:00,BTC/USDT,46580.9,47188,45300,45477.4,257524.6,1.19E+10,2349083
1.65E+12,06-04-2022 0:00,BTC/USDT,45477.5,45494.2,43100,43159.7,384359.4,1.70E+10,3589835
1.65E+12,07-04-2022 0:00,BTC/USDT,43159.8,43888,42685,43417.1,229568,9.96E+09,2352054
1.65E+12,08-04-2022 0:00,BTC/USDT,43417.1,43968.1,42074,42229.2,310095.8,1.34E+10,3039074
1.65E+12,09-04-2022 0:00,BTC/USDT,42229.1,42796.7,42100.3,42727.7,119722.7,5.08E+09,1398153
1.65E+12,10-04-2022 0:00,BTC/USDT,42727.8,43399.4,41838,42140.4,181904.5,7.76E+09,1922058
1.65E+12,11-04-2022 0:00,BTC/USDT,42140.3,42399.9,39136.7,39505.6,439530,1.79E+10,4212901
1.65E+12,12-04-2022 0:00,BTC/USDT,39505.6,40700,39224,40060.7,349883.6,1.40E+10,3292065
1.65E+12,13-04-2022 00:00,BTC/USDT,40060.7,41580,39569.8,41129.8,324910.9,1.32E+10,3176539
1.65E+12,14-04-2022 00:00,BTC/USDT,41129.8,41474.8,39522,39915.9,261966.4,1.06E+10,2615945
1.65E+12,15-04-2022 00:00,BTC/USDT,39915.9,40888,39734.2,40529.5,194680.7,7.83E+09,1968852
1.65E+12,16-04-2022 00:00,BTC/USDT,40529.6,40700,39944.9,40361,127705.1,5.15E+09,1336108
1.65E+12,17-04-2022 00:00,BTC/USDT,40360.9,40574.1,39510,39649.1,170331.8,6.84E+09,1664402
1.65E+12,18-04-2022 00:00,BTC/USDT,39649.1,41310,38465.7,40785.6,362435.3,1.44E+10,3387459
1.65E+12,19-04-2022 00:00,BTC/USDT,40785.7,41788,40543.7,41472.9,214404.3,8.81E+09,2272668
1.65E+12,20-04-2022 00:00,BTC/USDT,41472.9,42166.8,40800,41327.7,257382.4,1.07E+10,2731896
1.65E+12,21-04-2022 00:00,BTC/USDT,41326,42966,39630,40449.8,393150,1.64E+10,4300495
1.65E+12,22-04-2022 00:00,BTC/USDT,40449.7,40786.1,39133,39674.2,314935.8,1.26E+10,3578572
1.65E+12,23-04-2022 00:00,BTC/USDT,39674.3,40000,39259,39415.1,125046.8,4.96E+09,1602703
1.65E+12,24-04-2022 00:00,BTC/USDT,39413.8,39930.6,38884.1,39433.4,180371.8,7.13E+09,1944480
1.65E+12,25-04-2022 00:00,BTC/USDT,39433.4,40650,38111,40411,448877.9,1.76E+10,4399875
1.65E+12,26-04-2022 00:00,BTC/USDT,40411,40800,37671.8,38093.7,453132.2,1.77E+10,4384061
1.65E+12,27-04-2022 00:00,BTC/USDT,38093.7,39470,37844.5,39209,385645.4,1.50E+10,3726498
1.65E+12,28-04-2022 00:00,BTC/USDT,39209,40376.6,38861.8,39732.5,413543.4,1.64E+10,3928985
1.65E+12,29-04-2022 00:00,BTC/USDT,39732.5,39924.8,38160,38572.2,308116.4,1.20E+10,3106694
1.65E+12,30-04-2022 00:00,BTC/USDT,38572.2,38782.6,37550,37614.5,181810.4,6.97E+09,2037497
1.65E+12,01-05-2022 0:00,BTC/USDT,37614.4,38680.6,37350,38440.5,236549.5,9.00E+09,2621618
1.65E+12,02-05-2022 0:00,BTC/USDT,38440.2,39222,38032.2,38525.6,336845.4,1.30E+10,3521802
1.65E+12,03-05-2022 0:00,BTC/USDT,38525.5,38674.7,37500.1,37712.9,248986.2,9.50E+09,2698667
1.65E+12,04-05-2022 0:00,BTC/USDT,37713,40071.7,37655.2,39684,424498.8,1.65E+10,4133946
1.65E+12,05-05-2022 0:00,BTC/USDT,39684.1,39845,35388,36534.7,547209,2.05E+10,5070147
1.65E+12,06-05-2022 0:00,BTC/USDT,36533.7,36679.3,35200,35995.3,431979.2,1.56E+10,3998315
1.65E+12,07-05-2022 0:00,BTC/USDT,35995.2,36138,34700,35466.7,200264.8,7.13E+09,2212165
1.65E+12,08-05-2022 0:00,BTC/USDT,35466.7,35504,33665,34032,426872.6,1.47E+10,4516970
1.65E+12,09-05-2022 0:00,BTC/USDT,34032.1,34243.3,30003.6,30056.6,1078780,3.46E+10,9184779
1.65E+12,10-05-2022 0:00,BTC/USDT,30056,32650,29701.4,31002.1,863179,2.70E+10,8033585
1.65E+12,11-05-2022 0:00,BTC/USDT,31002.1,32197.6,27651,29074.7,1101876,3.34E+10,9995578
1.65E+12,12-05-2022 0:00,BTC/USDT,29077.9,30257,26631,29020.7,964475.6,2.74E+10,9545187
1.65E+12,13-05-2022 00:00,BTC/USDT,29020.8,31072.6,28730.4,29274.3,507620.1,1.53E+10,5507009
1.65E+12,14-05-2022 00:00,BTC/USDT,29274.2,30352.2,28602.3,30079.8,315756.9,9.27E+09,3756979
1.65E+12,15-05-2022 00:00,BTC/USDT,30079.5,31462,29448,31324.4,336773.1,1.02E+10,3738894
1.65E+12,16-05-2022 00:00,BTC/USDT,31324.3,31327.4,29052.3,29866.7,507243.2,1.51E+10,5014012
1.65E+12,17-05-2022 00:00,BTC/USDT,29866.4,30794,29420,30437,398624.5,1.21E+10,4083135
1.65E+12,18-05-2022 00:00,BTC/USDT,30437,30700,28629.6,28700.6,426700.5,1.26E+10,4172681
1.65E+12,19-05-2022 00:00,BTC/USDT,28700.6,30550,28670.5,30319.9,448856.7,1.33E+10,4384132
1.65E+12,20-05-2022 00:00,BTC/USDT,30319.9,30784.4,28702,29188.9,485439.2,1.44E+10,4396626
1.65E+12,21-05-2022 00:00,BTC/USDT,29188.9,29650,28927,29427.4,202804.1,5.95E+09,2179630
1.65E+12,22-05-2022 00:00,BTC/USDT,29427.4,30500,29223.6,30284,297116.4,8.89E+09,2699817
1.65E+12,23-05-2022 00:00,BTC/USDT,30284,30658,28840.7,29097.7,475720.8,1.43E+10,4234598
1.65E+12,24-05-2022 00:00,BTC/USDT,29097.8,29887.3,28637.6,29643.1,382124.4,1.12E+10,3486602
1.65E+12,25-05-2022 00:00,BTC/USDT,29643,30246.7,29330,29536.7,413459.5,1.23E+10,3644948
1.65E+12,26-05-2022 00:00,BTC/USDT,29536.7,29877,27952.1,29194,602137.1,1.76E+10,4998028
1.65E+12,27-05-2022 00:00,BTC/USDT,29194,29387,28259.6,28623.2,506638.9,1.46E+10,4601526
1.65E+12,28-05-2022 00:00,BTC/USDT,28623.3,29265.7,28520,29018.8,193644.3,5.59E+09,1892856
1.65E+12,29-05-2022 00:00,BTC/USDT,29018.8,29595.2,28825,29452.8,215139.9,6.28E+09,2143741
1.65E+12,30-05-2022 00:00,BTC/USDT,29452.6,32307.6,29301.1,31726.5,502712.2,1.55E+10,4335582
1.65E+12,31-05-2022 00:00,BTC/USDT,31726.5,32427.5,31222,31797.8,383688.3,1.22E+10,3584533
1.65E+12,01-06-2022 0:00,BTC/USDT,31797.9,31880,31704,31858.3,4331.247,1.38E+08,39241